Date,AMZN,MSFT,GOOGL
2016-01-04,636.73,54.79,759.41
2016-01-05,633.79,55.05,761.52
2016-01-06,632.81,54.075,759.3
2016-01-07,607.84,52.19,741.0
2016-01-08,607.23,52.33,730.92
2016-01-11,617.74,52.3,733.17
2016-01-12,617.89,52.77,745.34
2016-01-13,581.99,51.66,719.57
2016-01-14,593.0,53.06,731.29
2016-01-15,570.0,50.98,710.45
2016-01-19,574.48,50.56,719.02
2016-01-20,571.59,50.78,718.56
2016-01-21,574.95,50.45,726.67
2016-01-22,596.21,52.29,745.44
2016-01-25,596.55,51.77,733.61
2016-01-26,601.25,52.18,734.1
2016-01-27,583.52,51.21,717.58
2016-01-28,635.54,52.06,748.3
2016-01-29,585.63,55.05,759.42
2016-02-01,574.99,54.67,770.19
2016-02-02,551.75,53.0,780.6
2016-02-03,530.79,52.17,749.53
2016-02-04,536.24,52.0,730.03
2016-02-05,502.01,50.16,703.71
2016-02-08,488.33,49.39,704.17
2016-02-09,482.06,49.28,700.83
2016-02-10,490.5,49.69,707.18
2016-02-11,503.54,49.64,705.58
2016-02-12,506.95,50.5,706.63
2016-02-16,521.11,51.09,717.65
2016-02-17,534.1,52.42,731.71
2016-02-18,525.0,52.19,717.52
2016-02-19,534.88,51.81,722.11
2016-02-22,559.49,52.64,729.17
2016-02-23,552.87,51.18,717.25
2016-02-24,554.04,51.355,720.89
2016-02-25,555.14,52.1,729.09
2016-02-26,555.16,51.28,724.86
2016-02-29,552.88,50.77,717.23
2016-03-01,579.03,52.58,742.17
2016-03-02,580.22,52.95,739.48
2016-03-03,577.47,52.35,731.59
2016-03-04,575.14,52.03,730.22
2016-03-07,562.8,51.02,712.94
2016-03-08,560.26,51.65,713.54
2016-03-09,559.48,52.83,725.41
2016-03-10,558.93,52.05,732.16
2016-03-11,569.59,53.07,744.82
2016-03-14,573.38,53.17,750.22
2016-03-15,577.02,53.59,750.57
2016-03-16,574.333,54.35,757.56
2016-03-17,559.43,54.69,758.48
2016-03-18,552.11,53.49,755.79
2016-03-21,553.98,53.86,762.0
2016-03-22,560.66,54.09,760.04
2016-03-23,569.62,53.98,757.55
2016-03-24,582.95,54.21,754.84
2016-03-28,579.87,53.54,753.3
2016-03-29,593.93,54.72,765.76
2016-03-30,598.7,55.05,768.31
2016-03-31,593.66,55.23,762.91
2016-04-01,598.5,55.57,769.66
2016-04-04,593.19,55.43,765.13
2016-04-05,586.14,54.56,758.56
2016-04-06,602.29,55.13,768.07
2016-04-07,591.43,54.45,760.09
2016-04-08,594.6,54.42,759.47
2016-04-11,595.92,54.31,757.53
2016-04-12,603.4,54.65,764.42
2016-04-13,615.2,55.35,771.9
2016-04-14,620.75,55.36,775.38
2016-04-15,625.98,55.64,780.0
2016-04-18,635.39,56.45,787.68
2016-04-19,627.85,56.4,776.04
2016-04-20,632.99,55.6,774.99
2016-04-21,631.0,55.7875,780.95
2016-04-22,620.51,51.77,737.76
2016-04-25,626.2,52.12,742.6
2016-04-26,616.88,51.44,725.39
2016-04-27,606.57,50.94,721.46
2016-04-28,603.28,49.89,705.03
2016-04-29,659.59,49.88,707.87
2016-05-02,683.9,50.61,714.41
2016-05-03,671.32,49.78,708.43
2016-05-04,670.98,49.87,711.37
2016-05-05,659.05,49.94,714.7
2016-05-06,673.96,50.39,725.18
2016-05-09,679.75,50.07,729.14
2016-05-10,703.07,51.02,739.38
2016-05-11,713.33,51.05,730.54
2016-05-12,717.93,51.51,728.06
2016-05-13,709.92,51.08,724.81
2016-05-16,710.66,51.83,730.3
2016-05-17,695.0,50.51,720.13
2016-05-18,697.45,50.81,721.78
2016-05-19,698.53,50.32,715.32
2016-05-20,702.77,50.63,721.71
2016-05-23,696.79,50.03,717.25
2016-05-24,704.2,51.59,733.02
2016-05-25,708.5,52.14,738.18
2016-05-26,714.91,51.89,736.98
2016-05-27,712.13,52.31,747.64
2016-05-31,722.79,53.0,748.85
2016-06-01,719.42,52.85,748.46
2016-06-02,728.28,52.48,744.28
2016-06-03,725.54,51.79,735.82
2016-06-06,726.72,52.14,730.21
2016-06-07,723.79,52.1,731.12
2016-06-08,726.65,52.04,743.0
2016-06-09,727.66,51.62,742.51
2016-06-10,718.02,51.49,733.19
2016-06-13,715.25,50.15,731.88
2016-06-14,719.3,49.82,733.25
2016-06-15,714.27,49.7,732.19
2016-06-16,717.36,50.39,724.23
2016-06-17,706.36,50.12,704.26
2016-06-20,714.01,50.07,706.13
2016-06-21,715.82,51.19,708.89
2016-06-22,710.6,51.0,710.82
2016-06-23,722.08,51.9,714.4
2016-06-24,699.0,49.76,685.28
2016-06-27,691.41,48.43,681.14
2016-06-28,707.96,49.44,691.25
2016-06-29,715.46,50.54,694.87
2016-06-30,715.81,51.17,703.53
2016-07-01,725.62,51.16,710.25
2016-07-05,728.11,51.16,704.89
2016-07-06,737.57,51.38,708.97
2016-07-07,736.58,51.38,707.27
2016-07-08,745.82,52.3,717.78
2016-07-11,753.78,52.59,727.31
2016-07-12,748.21,53.21,732.5
2016-07-13,742.74,53.5111,729.47
2016-07-14,741.19,53.73,735.78
2016-07-15,735.43,53.69,735.64
2016-07-18,736.07,53.97,753.42
2016-07-19,740.06,53.0557,753.41
2016-07-20,745.72,55.9,757.08
2016-07-21,744.37,55.81,754.4
2016-07-22,744.86,56.57,759.17
2016-07-25,739.68,56.73,757.52
2016-07-26,735.59,56.76,757.68
2016-07-27,736.73,56.19,761.97
2016-07-28,752.6,56.21,765.22
2016-07-29,758.75,56.69,791.34
2016-08-01,767.62,56.58,800.93
2016-08-02,760.57,56.58,800.23
2016-08-03,754.55,56.96,798.82
2016-08-04,760.73,57.39,797.25
2016-08-05,765.86,57.95,806.93
2016-08-08,766.56,58.06,805.23
2016-08-09,768.32,58.2,807.47
2016-08-10,768.44,58.02,808.71
2016-08-11,771.28,58.3,808.2
2016-08-12,772.56,57.94,807.05
2016-08-15,768.49,58.13,806.0
2016-08-16,764.04,57.43,801.18
2016-08-17,764.57,57.56,805.44
2016-08-18,764.28,57.6,802.75
2016-08-19,757.11,57.62,799.66
2016-08-22,759.48,57.66,796.95
2016-08-23,762.44,57.9,796.58
2016-08-24,757.55,57.97,793.66
2016-08-25,759.38,58.19,791.29
2016-08-26,769.04,58.04,793.21
2016-08-29,771.29,58.1,795.82
2016-08-30,767.58,57.89,791.92
2016-08-31,769.16,57.47,789.99
2016-09-01,770.64,57.59,791.5
2016-09-02,772.45,57.67,796.83
2016-09-06,788.86,57.6,808.01
2016-09-07,784.55,57.65,807.92
2016-09-08,784.12,57.42,802.68
2016-09-09,760.19,56.22,788.48
2016-09-12,771.51,57.05,798.82
2016-09-13,761.01,56.53,788.72
2016-09-14,761.0,56.26,790.51
2016-09-15,769.69,57.19,801.23
2016-09-16,778.52,57.24,797.97
2016-09-19,775.1,56.93,795.4
2016-09-20,780.31,56.82,799.65
2016-09-21,789.74,57.75,805.02
2016-09-22,804.53,57.79,816.0
2016-09-23,805.75,57.44,814.95
2016-09-26,799.16,56.92,802.52
2016-09-27,816.14,57.97,810.72
2016-09-28,828.71,58.01,810.07
2016-09-29,829.05,57.4,802.57
2016-09-30,837.29,57.59,804.01
2016-10-03,836.9162,57.41,800.09
2016-10-04,834.1,57.24,802.78
2016-10-05,844.36,57.64,801.24
2016-10-06,841.7,57.74,803.1
2016-10-07,839.41,57.79,800.485
2016-10-10,841.58,58.05,814.38
2016-10-11,830.83,57.18,809.16
2016-10-12,834.1,57.11,811.76
2016-10-13,829.46,56.92,804.08
2016-10-14,823.0,57.43,804.85
2016-10-17,812.94,57.21,806.77
2016-10-18,817.64,57.65,821.49
2016-10-19,817.68,57.56,826.94
2016-10-20,810.31,57.24,821.52
2016-10-21,819.0,59.68,824.05
2016-10-24,838.09,60.99,835.74
2016-10-25,835.12,61.01,828.53
2016-10-26,822.57,60.63,822.0
2016-10-27,818.86,60.11,819.27
2016-10-28,776.3,59.87,819.43
2016-10-31,789.91,59.93,809.91
2016-11-01,785.23,59.8,805.47
2016-11-02,765.55,59.43,788.49
2016-11-03,766.83,59.2,782.16
2016-11-04,755.12,58.71,781.13
2016-11-07,784.935,60.42,802.03
2016-11-08,787.76,60.47,811.98
2016-11-09,771.88,60.17,805.59
2016-11-10,742.36,58.71,780.23
2016-11-11,739.01,59.02,771.62
2016-11-14,719.07,58.12,753.21
2016-11-15,743.32,58.87,775.16
2016-11-16,746.44,59.64,779.98
2016-11-17,756.4,60.64,786.17
2016-11-18,760.17,60.37,775.97
2016-11-21,780.0,60.87,785.41
2016-11-22,785.34,61.11,785.0
2016-11-23,780.12,60.4,778.99
2016-11-25,780.5,60.53,780.15
2016-11-28,766.84,60.63,785.94
2016-11-29,762.48,61.11,789.43
2016-11-30,750.59,60.26,775.59
2016-12-01,743.66,59.18,764.33
2016-12-02,740.34,59.26,764.45
2016-12-05,759.36,60.21,778.22
2016-12-06,764.68,59.95,776.18
2016-12-07,770.42,61.36,791.49
2016-12-08,767.28,61.0,795.16
2016-12-09,768.65,61.98,809.71
2016-12-12,759.8275,62.17,807.91
2016-12-13,774.33,62.98,815.34
2016-12-14,768.81,62.69,817.89
2016-12-15,760.66,62.57,815.65
2016-12-16,757.77,62.3,809.85
2016-12-19,766.08,63.62,812.51
2016-12-20,771.21,63.54,815.21
2016-12-21,770.61,63.55,812.2
2016-12-22,766.26,63.55,809.67
2016-12-23,760.58,63.24,807.8
2016-12-27,771.4,63.27,809.93
2016-12-28,772.14,62.99,804.57
2016-12-29,765.15,62.9,802.83
2016-12-30,750.03,62.15,793.02
2017-01-03,753.66,62.57,808.0
2017-01-04,757.18,62.3,807.77
2017-01-05,780.45,62.3,813.05
2017-01-06,795.99,62.84,825.21
2017-01-09,796.92,62.65,827.18
2017-01-10,795.9,62.62,826.0
2017-01-11,799.01,63.16,829.87
2017-01-12,813.51,62.61,829.56
2017-01-13,817.24,62.685,830.93
2017-01-17,809.54,62.52,827.46
2017-01-18,807.48,62.49,829.03
2017-01-19,808.92,62.29,824.36
2017-01-20,808.27,62.73,828.16
2017-01-23,817.9,62.98,844.43
2017-01-24,822.44,63.52,849.67
2017-01-25,836.66,63.68,858.63
2017-01-26,839.13,64.28,855.59
2017-01-27,835.76,65.78,845.0
2017-01-30,830.37,65.12,823.88
2017-01-31,823.28,64.65,820.19
2017-02-01,832.27,63.57,815.2
2017-02-02,839.95,63.13,818.22
2017-02-03,810.08,63.67,820.23
2017-02-06,807.61,63.63,821.61
2017-02-07,812.45,63.42,829.09
2017-02-08,819.7,63.33,829.83
2017-02-09,821.27,64.05,830.03
2017-02-10,827.47,64.0,834.86
2017-02-13,836.52,64.71,838.95
2017-02-14,836.39,64.57,840.08
2017-02-15,842.72,64.53,837.3
2017-02-16,844.12,64.51,842.17
2017-02-17,845.06,64.61,846.53
2017-02-21,856.44,64.46,849.27
2017-02-22,855.6,64.36,851.39
2017-02-23,852.19,64.62,850.98
2017-02-24,845.23,64.62,847.63
2017-02-27,848.64,64.22,849.68
2017-02-28,845.04,63.98,844.93
2017-03-01,853.08,64.93,856.61
2017-03-02,848.87,64.0,849.85
2017-03-03,849.85,64.23,849.07
2017-03-06,846.6,64.27,847.24
2017-03-07,845.93,64.4,851.15
2017-03-08,850.54,64.99,853.64
2017-03-09,853.0,64.74,857.95
2017-03-10,852.2,64.95,861.32
2017-03-13,854.5,64.71,864.59
2017-03-14,852.11,64.39,865.9
2017-03-15,852.85,64.73,868.39
2017-03-16,853.37,64.64,870.0
2017-03-17,852.31,64.85,872.37
2017-03-20,856.98,64.93,867.98
2017-03-21,843.19,64.21,850.09
2017-03-22,848.07,65.05,849.79
2017-03-23,847.56,64.87,839.62
2017-03-24,845.61,64.99,835.15
2017-03-27,846.83,65.1,838.52
2017-03-28,856.0,65.29,840.63
2017-03-29,874.32,65.48,849.86
2017-03-30,876.35,65.71,849.46
2017-03-31,886.55,65.87,847.8
2017-04-03,891.52,65.55,856.75
2017-04-04,906.86,65.73,852.49
2017-04-05,909.33,65.56,848.91
2017-04-06,898.28,65.73,845.23
2017-04-07,894.88,65.69,842.17
2017-04-10,907.04,65.53,841.69
2017-04-11,902.66,65.5,840.1
2017-04-12,896.3,65.22,841.46
2017-04-13,884.67,64.96,840.17
2017-04-17,902.02,65.47,855.16
2017-04-18,903.76,65.39,853.8
2017-04-19,899.03,65.03,856.52
2017-04-20,902.06,65.5,860.09
2017-04-21,898.53,66.41,858.94
2017-04-24,907.35,67.53,879.02
2017-04-25,907.63,67.92,888.77
2017-04-26,909.28,67.82,889.27
2017-04-27,919.0,68.29,891.73
2017-04-28,925.0,68.46,924.51
2017-05-01,948.43,69.43,932.82
2017-05-02,946.94,69.3,937.0
2017-05-03,941.02,69.08,948.45
2017-05-04,937.53,68.81,954.72
2017-05-05,934.15,68.99,950.22
2017-05-08,949.02,68.94,958.64
2017-05-09,952.8,69.03,956.69
2017-05-10,948.95,69.31,954.84
2017-05-11,947.61,68.46,955.91
2017-05-12,961.63,68.38,955.14
2017-05-15,958.3,68.43,959.32
2017-05-16,966.08,69.41,964.6
2017-05-17,944.89,67.45,942.14
2017-05-18,958.55,67.72,950.36
2017-05-19,960.0,67.69,954.65
2017-05-22,970.68,68.45,964.11
2017-05-23,971.54,68.69,970.4
2017-05-24,980.35,68.77,977.6
2017-05-25,993.39,69.62,991.86
2017-05-26,995.76,69.96,992.95
2017-05-30,996.76,70.41,996.17
2017-05-31,994.63,69.87,987.09
2017-06-01,996.92,70.12,988.29
2017-06-02,1006.78,71.75,996.08
2017-06-05,1011.17,72.28,1003.88
2017-06-06,1003.0,72.52,996.68
2017-06-07,1010.08,72.39,1001.5
2017-06-08,1010.39,71.93,1004.27
2017-06-09,977.27,70.32,970.12
2017-06-12,964.92,69.78,961.81
2017-06-13,980.8,70.65,970.8
2017-06-14,976.2,70.27,967.97
2017-06-15,964.0,69.9,960.18
2017-06-16,987.61,69.99,958.62
2017-06-19,995.13,70.87,975.22
2017-06-20,992.58,69.9,968.83
2017-06-21,1001.79,70.27,978.59
2017-06-22,1001.39,70.26,976.62
2017-06-23,1003.74,71.23,986.07
2017-06-26,993.99,70.52,972.24
2017-06-27,977.41,69.21,948.09
2017-06-28,990.03,69.8,961.0
2017-06-29,975.91,68.5,937.39
2017-06-30,968.0,68.94,929.61
2017-07-03,953.66,68.16,918.95
2017-07-05,971.2,69.09,932.27
2017-07-06,965.14,68.58,927.7
2017-07-07,978.66,69.45,940.82
2017-07-10,996.33,69.98,951.37
2017-07-11,994.1,70.0,953.54
2017-07-12,1006.5,71.15,968.03
2017-07-13,999.84,71.77,968.54
2017-07-14,1001.9,72.77,976.91
2017-07-17,1010.05,73.35,975.96
2017-07-18,1024.3,73.29,986.94
2017-07-19,1026.88,73.85,992.84
2017-07-20,1029.2,74.25,992.42
2017-07-21,1024.93,73.75,993.34
2017-07-24,1038.48,73.61,1001.48
2017-07-25,1040.13,74.199,969.93
2017-07-26,1053.2,74.05,965.57
2017-07-27,1044.98,73.15,952.5
2017-07-28,1020.01,73.03,958.2
2017-07-31,987.5,72.72,945.83
2017-08-01,996.19,72.55,946.56
2017-08-02,995.32,72.245,947.18
2017-08-03,987.1407,72.14,940.63
2017-08-04,987.41,72.66,945.34
2017-08-07,991.8,72.4,945.31
2017-08-08,989.78,72.78,944.19
2017-08-09,982.22,72.45,939.92
2017-08-10,956.54,71.42,923.4
2017-08-11,968.2,72.51,930.45
2017-08-14,983.25,73.59,938.93
2017-08-15,982.68,73.23,938.13
2017-08-16,978.02,73.66,944.73
2017-08-17,960.57,72.41,927.65
2017-08-18,958.61,72.5,926.18
2017-08-21,952.73,72.14,920.54
2017-08-22,966.77,73.15,940.7
2017-08-23,957.56,72.73,942.68
2017-08-24,952.52,72.7,937.08
2017-08-25,945.0,72.83,930.5
2017-08-28,945.999,72.83,928.13
2017-08-29,954.06,73.06,935.9
2017-08-30,967.56,74.0,943.56
2017-08-31,980.66,74.78,955.26
2017-09-01,978.27,73.92,951.81
2017-09-05,965.24,73.63,941.04
2017-09-06,967.95,73.4,941.54
2017-09-07,979.581,74.36,950.31
2017-09-08,965.8,74.0,940.95
2017-09-11,977.96,74.74,943.23
2017-09-12,982.57,74.67,946.65
2017-09-13,999.6,75.2,950.25
2017-09-14,992.2,74.77,940.12
2017-09-15,986.95,75.29,935.08
2017-09-18,973.56,75.16,929.27
2017-09-19,969.19,75.44,936.86
2017-09-20,973.1,74.92,947.5
2017-09-21,964.82,74.22,947.55
2017-09-22,954.63,74.36,942.71
2017-09-25,939.77,73.27,933.95
2017-09-26,938.59,73.3,938.0
2017-09-27,950.88,73.85,959.95
2017-09-28,956.4,73.86,964.81
2017-09-29,960.49,74.45,973.77
2017-10-02,958.79,74.6,967.47
2017-10-03,957.06,74.27,972.08
2017-10-04,965.47,74.68,966.39
2017-10-05,981.14,75.97,985.66
2017-10-06,989.51,75.99,993.37
2017-10-09,990.99,76.3,991.91
2017-10-10,987.2,76.31,987.62
2017-10-11,995.0,76.41,1005.65
2017-10-12,1001.07,77.13,1005.65
2017-10-13,1003.44,77.5,1008.08
2017-10-16,1006.34,77.66,1009.34
2017-10-17,1008.99,77.57,1011.12
2017-10-18,996.99,77.64,1013.01
2017-10-19,986.6,77.92,1001.83
2017-10-20,982.91,78.8,1005.09
2017-10-23,966.34,78.85,985.54
2017-10-24,976.0,78.86,988.5
2017-10-25,972.91,78.64,991.47
2017-10-26,972.54,78.75,991.42
2017-10-27,1100.99,83.82,1033.89
2017-10-30,1110.85,83.84,1032.56
2017-10-31,1105.67,83.18,1033.05
2017-11-01,1103.5,83.16,1042.52
2017-11-02,1094.0,84.06,1042.95
2017-11-03,1111.55,84.13,1049.54
2017-11-06,1120.46,84.48,1042.44
2017-11-07,1123.14,84.26,1052.39
2017-11-08,1132.86,84.57,1058.59
2017-11-09,1129.0,84.09,1047.54
2017-11-10,1125.34,83.86,1044.14
2017-11-13,1129.21,83.93,1041.2
2017-11-14,1136.84,84.05,1041.69
2017-11-15,1127.09,82.99,1036.62
2017-11-16,1136.95,83.19,1048.47
2017-11-17,1129.87,82.37,1035.67
2017-11-20,1126.56,82.54,1035.09
2017-11-21,1139.58,83.73,1050.3
2017-11-22,1156.16,83.09,1051.86
2017-11-24,1186.41,83.27,1056.61
2017-11-27,1195.62,83.86,1072.05
2017-11-28,1193.6,84.88,1063.03
2017-11-29,1161.21,83.335,1037.1
2017-11-30,1176.59,84.09,1034.26
2017-12-01,1161.83,84.26,1025.06
2017-12-04,1133.95,81.07,1012.15
2017-12-05,1141.58,81.59,1019.58
2017-12-06,1152.94,82.79,1033.31
2017-12-07,1160.0,82.49,1045.08
2017-12-08,1161.99,84.16,1049.45
2017-12-11,1169.15,85.22,1052.08
2017-12-12,1165.56,85.62,1049.1
2017-12-13,1164.48,85.35,1051.38
2017-12-14,1175.06,84.72,1058.6
2017-12-15,1178.98,86.82,1070.41
2017-12-18,1190.8,86.44,1085.74
2017-12-19,1187.43,85.83,1079.17
2017-12-20,1177.29,85.59,1073.94
2017-12-21,1174.87,85.57,1071.18
2017-12-22,1168.33,85.58,1069.15
2017-12-26,1176.94,85.4,1065.86
2017-12-27,1181.81,85.69,1059.78
2017-12-28,1185.99,85.7,1055.95
2017-12-29,1169.54,85.59,1053.4
2018-01-02,1189.0,85.91,1073.44
2018-01-03,1202.74,86.33,1091.42
2018-01-04,1209.64,87.12,1096.0
2018-01-05,1229.07,88.11,1110.29
2018-01-08,1246.95,88.22,1114.0
2018-01-09,1253.12,88.23,1113.61
2018-01-10,1254.29,87.81,1110.67
2018-01-11,1276.77,88.06,1112.05
2018-01-12,1305.2,89.59,1130.65
2018-01-16,1305.16,88.38,1130.65
2018-01-17,1295.0,90.15,1139.24
2018-01-18,1293.22,90.12,1135.98
2018-01-19,1294.58,90.0,1143.54
2018-01-22,1327.45,91.61,1163.92
2018-01-23,1363.05,91.89,1176.63
2018-01-24,1357.51,91.84,1171.29
2018-01-25,1377.31,92.32,1181.75
2018-01-26,1401.19,94.04,1187.21
2018-01-29,1417.68,93.87,1186.14
2018-01-30,1438.19,92.77,1177.49
2018-01-31,1451.39,95.2,1183.72
2018-02-01,1388.71,94.24,1180.02
2018-02-02,1429.87,91.76,1118.0
2018-02-05,1390.0,88.0,1062.88
2018-02-06,1442.84,91.34,1085.1
2018-02-07,1415.15,89.58,1055.29
2018-02-08,1350.51,84.99,1006.26
2018-02-09,1339.34,88.15,1045.85
2018-02-12,1386.97,89.15,1055.33
2018-02-13,1413.66,89.781,1054.21
2018-02-14,1451.08,90.83,1073.32
2018-02-15,1461.76,92.72,1092.87
2018-02-16,1448.59,91.93,1096.27
2018-02-20,1468.36,92.72,1103.6
2018-02-21,1482.92,91.5,1113.6
2018-02-22,1484.59,91.74,1110.39
2018-02-23,1500.0,94.07,1128.7
2018-02-26,1521.95,95.43,1144.2
2018-02-27,1512.0,94.21,1117.16
2018-02-28,1512.45,93.77,1104.03
2018-03-01,1492.0,92.84,1070.75
2018-03-02,1500.21,93.04,1083.41
2018-03-05,1523.61,93.64,1094.68
2018-03-06,1537.18,93.32,1100.9
2018-03-07,1544.9,93.86,1115.07
2018-03-08,1551.67,94.43,1129.38
2018-03-09,1578.94,96.54,1160.84
2018-03-12,1598.5,96.76,1166.24
2018-03-13,1588.13,94.42,1140.52
2018-03-14,1591.0,93.85,1148.94
2018-03-15,1582.75,94.18,1150.8
2018-03-16,1571.69,94.49,1134.43
2018-03-19,1545.58,92.96,1100.07
2018-03-20,1586.52,93.14,1096.21
2018-03-21,1582.93,92.48,1093.56
2018-03-22,1544.92,89.8,1053.2
2018-03-23,1495.55,87.13,1026.73
2018-03-26,1555.87,93.77,1054.09
2018-03-27,1497.12,89.48,1007.46
2018-03-28,1429.19,89.38,1004.29
2018-03-29,1445.96,91.25,1036.93
2018-04-02,1371.92,88.67,1012.77
2018-04-03,1392.05,89.72,1018.33
2018-04-04,1410.58,92.27,1028.92
2018-04-05,1451.75,92.38,1032.36
2018-04-06,1405.21,90.22,1009.54
2018-04-09,1405.91,90.78,1020.19
2018-04-10,1436.26,92.89,1036.71
2018-04-11,1427.29,91.87,1025.07
2018-04-12,1448.48,93.6,1037.2
2018-04-13,1431.11,93.08,1036.07
2018-04-16,1440.63,94.17,1046.26
2018-04-17,1503.63,96.06,1079.17
2018-04-18,1527.85,96.45,1075.27
2018-04-19,1556.73,96.1,1089.47
2018-04-20,1527.5,95.0,1077.32
2018-04-23,1517.85,95.36,1073.44
2018-04-24,1460.61,93.08,1023.69
2018-04-25,1461.74,92.44,1023.67
2018-04-26,1519.28,94.27,1043.25
2018-04-27,1572.76,95.82,1031.18
2018-04-30,1566.13,93.52,1018.3
2018-05-01,1582.26,94.98,1041.09
2018-05-02,1570.53,93.51,1025.95
2018-05-03,1570.8,94.07,1026.54
2018-05-04,1580.99,95.16,1051.0
2018-05-07,1599.86,96.24,1058.925
2018-05-08,1592.39,95.84,1058.72
2018-05-09,1606.87,96.83,1089.8
2018-05-10,1609.42,97.9,1105.47
2018-05-11,1603.32,97.71,1103.77
2018-05-14,1602.0,98.04,1106.44
2018-05-15,1576.5,97.32,1084.64
2018-05-16,1587.75,97.15,1084.53
2018-05-17,1581.37,96.18,1081.2
2018-05-18,1574.5,96.36,1069.6
2018-05-21,1585.66,97.64,1084.01
2018-05-22,1581.39,97.57,1075.44
2018-05-23,1601.86,98.72,1086.35
2018-05-24,1603.48,98.32,1085.63
2018-05-25,1609.62,98.38,1084.07
2018-05-29,1612.88,98.01,1068.07
2018-05-30,1625.87,98.91,1076.83
2018-05-31,1630.14,98.86,1100.78
2018-06-01,1642.91,100.76,1135.0
2018-06-04,1665.4,101.66,1153.31
2018-06-05,1696.48,102.2,1150.04
2018-06-06,1697.78,102.57,1146.95
2018-06-07,1689.27,100.92,1134.05
2018-06-08,1682.52,101.63,1132.78
2018-06-11,1689.62,101.08,1141.25
2018-06-12,1698.73,101.3,1148.19
2018-06-13,1704.81,100.9,1144.22
2018-06-14,1723.75,101.42,1161.12
2018-06-15,1716.26,100.22,1159.73
2018-06-18,1724.83,100.88,1183.76
2018-06-19,1736.01,100.88,1178.87
2018-06-20,1750.07,101.95,1183.63
2018-06-21,1730.2,101.15,1169.44
2018-06-22,1715.06,100.3,1166.01
2018-06-25,1663.17,98.39,1139.28
2018-06-26,1691.19,99.07,1132.5
2018-06-27,1660.0,97.54,1117.2
2018-06-28,1701.5,98.63,1127.03
2018-06-29,1699.67,98.61,1129.32
2018-07-02,1713.75,100.02,1142.3
2018-07-03,1694.88,99.07,1116.28
2018-07-05,1699.56,99.77,1141.29
2018-07-06,1711.01,101.17,1155.21
2018-07-09,1739.03,101.87,1167.37
2018-07-10,1743.35,102.06,1167.14
2018-07-11,1755.53,102.02,1171.08
2018-07-12,1796.6,104.16,1201.26
2018-07-13,1813.2,105.42,1204.59
2018-07-16,1822.49,104.92,1196.58
2018-07-17,1844.0,105.95,1213.48
2018-07-18,1842.47,105.1,1212.48
2018-07-19,1813.68,104.73,1199.06
2018-07-20,1813.68,106.28,1197.88
2018-07-23,1802.0,107.963,1211.85
2018-07-24,1829.28,107.63,1258.74
2018-07-25,1863.8,110.82,1275.63
2018-07-26,1805.22,109.61,1285.62
2018-07-27,1817.99,107.67,1252.59
2018-07-30,1779.28,105.38,1230.32
2018-07-31,1777.41,106.1,1227.73
2018-08-01,1797.05,106.28,1232.92
2018-08-02,1834.21,107.56,1241.09
2018-08-03,1822.93,108.03,1237.52
2018-08-06,1847.68,108.13,1237.62
2018-08-07,1862.7,108.87,1255.82
2018-08-08,1886.52,109.48,1259.94
2018-08-09,1898.13,109.67,1264.41
2018-08-10,1886.0,109.01,1251.98
2018-08-13,1895.65,108.22,1248.8
2018-08-14,1919.86,109.57,1258.15
2018-08-15,1882.37,107.68,1232.22
2018-08-16,1887.47,107.64,1223.55
2018-08-17,1882.22,107.58,1215.5
2018-08-20,1877.24,106.87,1221.94
2018-08-21,1883.64,105.98,1216.99
2018-08-22,1905.45,107.07,1222.22
2018-08-23,1902.8,107.56,1221.23
2018-08-24,1905.43,108.4,1236.75
2018-08-27,1927.62,109.6,1256.13
2018-08-28,1933.0,110.32,1246.16
2018-08-29,1998.38,112.02,1264.73
2018-08-30,2002.22,111.95,1254.07
2018-08-31,2013.83,112.33,1231.44
2018-09-04,2039.58,111.74,1211.6
2018-09-05,1995.0,108.51,1199.45
2018-09-06,1958.365,108.75,1183.99
2018-09-07,1952.2,108.29,1178.01
2018-09-10,1941.81,109.44,1176.1
2018-09-11,1987.61,111.26,1189.99
2018-09-12,1990.07,111.67,1171.51
2018-09-13,1990.0,112.91,1182.17
2018-09-14,1970.19,113.35,1177.96
2018-09-17,1908.03,112.18,1159.83
2018-09-18,1941.59,113.22,1167.26
2018-09-19,1926.28,111.7,1174.7
2018-09-20,1944.3,113.58,1191.59
2018-09-21,1915.01,114.81,1172.07
2018-09-24,1934.35,114.67,1179.46
2018-09-25,1974.55,114.46,1193.88
2018-09-26,1974.85,114.13,1193.65
2018-09-27,2012.98,114.44,1207.23
2018-09-28,2002.57,114.49,1207.72
2018-10-01,2004.36,115.59,1208.46
2018-10-02,1970.0,115.14,1209.21
2018-10-03,1952.76,115.16,1212.02
2018-10-04,1910.32,112.85,1177.07
2018-10-05,1889.58,112.12,1167.83
2018-10-08,1864.42,110.86,1155.61
2018-10-09,1870.32,112.26,1145.17
2018-10-10,1755.25,106.26,1092.61
2018-10-11,1719.36,105.92,1090.91
2018-10-12,1788.61,109.54,1120.55
2018-10-15,1760.95,107.54,1101.58
2018-10-16,1820.15,110.89,1133.23
2018-10-17,1831.73,110.72,1127.5
2018-10-18,1770.72,108.51,1098.13
2018-10-19,1764.03,108.55,1104.67
2018-10-22,1789.005,109.63,1112.28
2018-10-23,1768.25,108.11,1115.6
2018-10-24,1659.63,102.38,1056.93
2018-10-25,1782.0,108.3,1103.36
2018-10-26,1638.28,106.96,1083.71
2018-10-29,1538.6078,104.09,1034.87
2018-10-30,1530.42,103.75,1050.11
2018-10-31,1599.19,106.79,1090.55
2018-11-01,1665.86,105.91,1085.89
2018-11-02,1665.58,106.15,1072.69
2018-11-05,1627.45,107.49,1056.22
2018-11-06,1642.86,107.71,1069.78
2018-11-07,1757.36,111.96,1107.85
2018-11-08,1754.95,111.79,1094.71
2018-11-09,1712.03,109.53,1077.02
2018-11-12,1636.79,106.92,1049.23
2018-11-13,1631.445,106.94,1047.67
2018-11-14,1600.1,105.01,1054.57
2018-11-15,1620.0,107.38,1072.16
2018-11-16,1593.59,108.37,1068.28
2018-11-19,1512.7,104.6,1027.429
2018-11-20,1495.46,101.71,1030.44
2018-11-21,1516.4,103.08,1043.3
2018-11-23,1502.08,103.02,1029.87
2018-11-26,1581.33,106.5,1055.64
2018-11-27,1582.0,107.2,1052.45
2018-11-28,1677.46,111.13,1091.78
2018-11-29,1672.94,110.2,1094.58
2018-11-30,1691.55,110.89,1105.0
2018-12-03,1772.9,112.09,1116.78
2018-12-04,1668.64,108.5,1063.05
2018-12-06,1700.0,109.19,1078.76
2018-12-07,1629.11,104.78,1047.09
2018-12-10,1641.2,107.56,1052.71
2018-12-11,1643.4,108.66,1061.39
2018-12-12,1663.13,109.08,1073.12
2018-12-13,1659.74,109.35,1072.6
2018-12-14,1591.92,106.02,1051.1
2018-12-17,1519.75,102.93,1025.89
2018-12-18,1551.11,103.94,1043.32
2018-12-19,1494.83,103.71,1034.66
2018-12-20,1460.83,101.42,1023.75
2018-12-21,1376.73,98.07,990.27
2018-12-24,1342.91,94.04,984.52
2018-12-26,1470.81,100.53,1047.88
2018-12-27,1462.0,101.05,1053.34
2018-12-28,1475.18,100.3487,1046.34
2018-12-31,1492.38,100.83,1037.745
2019-01-02,1536.73,101.01,1053.24
2019-01-03,1502.07,97.5,1026.505
2019-01-04,1574.54,101.775,1076.55
2019-01-07,1631.12,102.15,1076.01
2019-01-08,1655.835,102.73,1085.51
2019-01-09,1657.59,104.25,1083.22
2019-01-10,1655.5,103.57,1078.45
2019-01-11,1639.66,102.81,1062.93
2019-01-14,1619.8767,102.12,1052.845
2019-01-15,1672.75,104.78,1086.06
2019-01-16,1681.9703,105.39,1088.21
2019-01-17,1691.37,106.1,1098.15
2019-01-18,1693.2421,107.6,1105.4
2019-01-22,1628.398,105.315,1074.54
2019-01-23,1636.55,106.54,1082.815
2019-01-24,1654.97,106.23,1084.285
2019-01-25,1668.6,106.95,1099.37
2019-01-28,1636.185,105.015,1080.0529
2019-01-29,1592.73,102.89,1070.01
2019-01-30,1670.2312,106.28,1098.32
2019-01-31,1720.41,104.4575,1124.72
2019-02-01,1623.8,102.625,1119.685
2019-02-04,1630.5,105.62,1140.21
2019-02-05,1656.87,107.11,1151.345
2019-02-06,1639.42,106.06,1123.24
2019-02-07,1611.6058,105.19,1103.91
2019-02-08,1585.7397,105.42,1101.16
2019-02-11,1591.8,105.255,1102.22
2019-02-12,1637.89,106.835,1127.395
2019-02-13,1640.3726,106.785,1126.5701
2019-02-14,1623.8774,106.96,1129.32
2019-02-15,1607.5299,108.13,1119.08
2019-02-19,1627.4731,108.13,1125.4344
2019-02-20,1622.62,107.2,1120.99
2019-02-21,1619.9,109.44,1104.5
2019-02-22,1631.19,110.965,1116.69
2019-02-25,1633.0,111.59,1117.03
2019-02-26,1636.33,112.36,1122.0
2019-02-27,1641.09,112.19,1122.89
2019-02-28,1639.79,112.05,1127.04
2019-03-01,1671.26,112.52,1147.92
2019-03-04,1696.16,112.28,1153.69
2019-03-05,1691.81,111.68,1168.98
2019-03-06,1669.16,111.74,1164.95
2019-03-07,1626.28,110.38,1151.56
2019-03-08,1622.11,110.52,1149.71
2019-03-11,1670.32,112.83,1178.98
2019-03-12,1672.42,113.64,1197.79
2019-03-13,1690.8,114.51,1198.85
2019-03-14,1685.29,114.57,1192.749
2019-03-15,1712.91,115.9,1191.08
2019-03-18,1742.0,117.59,1188.24
2019-03-19,1762.7,117.7,1202.99
2019-03-20,1797.73,117.52,1226.52
2019-03-21,1818.4,120.64,1236.43
2019-03-22,1764.06,117.05,1208.17
2019-03-25,1774.07,117.65,1197.13
2019-03-26,1784.47,117.93,1189.84
2019-03-27,1766.0,116.77,1178.02
2019-03-28,1773.67,116.94,1172.28
2019-03-29,1781.09,117.95,1176.42
2019-04-01,1814.36,119.02,1199.12
2019-04-02,1814.0,119.18,1205.16
2019-04-03,1820.41,119.97,1210.48
2019-04-04,1819.51,119.33,1219.46
2019-04-05,1837.65,119.88,1211.78
2019-04-08,1849.679,119.89,1208.22
2019-04-09,1836.52,119.31,1203.08
2019-04-10,1847.33,120.22,1206.45
2019-04-11,1844.5,120.33,1209.57
2019-04-12,1842.96,120.96,1222.99
2019-04-15,1844.85,121.06,1226.61
2019-04-16,1862.92,120.79,1232.13
2019-04-17,1864.82,121.75,1240.26
2019-04-18,1861.4,123.37,1241.47
2019-04-22,1888.04,123.76,1254.26
2019-04-23,1924.17,125.44,1270.26
2019-04-24,1900.88,125.09,1260.06
2019-04-25,1902.16,129.08,1267.34
2019-04-26,1950.9,129.89,1277.17
2019-04-29,1939.0,129.74,1296.0
2019-04-30,1926.53,130.58,1199.49
2019-05-01,1911.29,127.8768,1173.37
2019-05-02,1901.72,126.2,1166.25
2019-05-03,1961.76,128.89,1189.55
2019-05-06,1950.29,128.16,1193.38
2019-05-07,1922.58,125.57,1179.55
2019-05-08,1916.85,125.44,1169.57
2019-05-09,1900.01,125.51,1167.69
2019-05-10,1889.98,127.19,1167.67
2019-05-13,1822.62,123.31,1136.68
2019-05-14,1840.05,124.72,1124.82
2019-05-15,1871.12,126.05,1170.06
2019-05-16,1907.86,128.95,1184.75
2019-05-17,1867.99,128.07,1168.29
2019-05-20,1858.04,126.2,1144.23
2019-05-21,1858.11,126.9,1154.69
2019-05-22,1859.425,127.66,1155.75
2019-05-23,1815.67,126.18,1144.9
2019-05-24,1823.3,126.23,1139.1
2019-05-28,1836.56,126.05,1138.79
2019-05-29,1820.2,124.94,1120.44
2019-05-30,1815.81,125.73,1121.18
2019-05-31,1775.07,123.59,1106.33
2019-06-03,1692.76,119.88,1039.04
2019-06-04,1730.18,123.2,1054.59
2019-06-05,1739.48,125.83,1045.0
2019-06-06,1754.6292,127.9,1047.77
2019-06-07,1804.02,131.4,1069.0
2019-06-10,1860.63,132.6,1082.65
2019-06-11,1863.7,132.1,1080.71
2019-06-12,1855.3,131.49,1079.28
2019-06-13,1870.748,132.32,1091.24
2019-06-14,1870.17,132.47,1086.3
2019-06-17,1886.0,132.89,1093.71
2019-06-18,1902.15,135.18,1105.25
2019-06-19,1909.03,135.59,1104.86
2019-06-20,1917.95,136.89,1113.64
2019-06-21,1911.1,136.94,1125.32
2019-06-24,1913.96,137.79,1117.18
2019-06-25,1878.64,133.43,1087.98
2019-06-26,1897.75,133.93,1080.72
2019-06-27,1903.67,134.14,1076.54
2019-06-28,1889.83,133.93,1081.94
2019-07-01,1922.26,135.69,1099.63
2019-07-02,1934.79,136.57,1112.86
2019-07-03,1939.0,137.45,1122.41
2019-07-05,1943.1,137.07,1132.41
2019-07-08,1952.33,136.97,1117.21
2019-07-09,1987.35,136.435,1124.28
2019-07-10,2017.77,137.86,1140.92
2019-07-11,2001.07,138.4,1143.78
2019-07-12,2010.02,138.89,1145.15
2019-07-15,2021.0,138.94,1150.55
2019-07-16,2010.0,137.08,1153.46
2019-07-17,1992.16,136.22,1146.62
2019-07-18,1978.67,136.28,1147.17
2019-07-19,1965.0,136.62,1131.69
2019-07-22,1985.92,138.43,1139.27
2019-07-23,1994.47,139.29,1148.27
2019-07-24,2001.04,140.72,1140.32
2019-07-25,1975.02,140.19,1137.79
2019-07-26,1943.05,141.34,1236.0
2019-07-29,1912.87,141.04,1241.4
2019-07-30,1899.22,140.37,1227.482
2019-07-31,1866.39,136.21,1218.11
2019-08-01,1855.33,138.06,1211.78
2019-08-02,1823.52,136.9,1196.35
2019-08-05,1765.13,132.2,1154.44
2019-08-06,1787.44,134.66,1170.89
2019-08-07,1793.39,135.28,1175.91
2019-08-08,1834.26,138.91,1206.28
2019-08-09,1807.88,137.69,1189.17
2019-08-12,1784.75,135.81,1174.39
2019-08-13,1824.29,138.6,1197.54
2019-08-14,1762.96,133.98,1164.02
2019-08-15,1775.41,133.691,1169.32
2019-08-16,1791.8,136.13,1179.1
2019-08-19,1816.83,138.41,1200.44
2019-08-20,1801.35,137.24,1183.55
2019-08-21,1823.38,138.78,1191.77
2019-08-22,1804.25,137.77,1191.62
2019-08-23,1750.77,133.4,1153.59
2019-08-26,1770.0,135.54,1171.85
2019-08-27,1761.92,135.75,1170.82
2019-08-28,1764.0,135.55,1173.18
2019-08-29,1786.46,138.16,1194.43
2019-08-30,1776.19,137.92,1190.32
2019-09-03,1789.51,136.12,1169.55
2019-09-04,1800.46,137.69,1182.86
2019-09-05,1840.73,140.05,1212.24
2019-09-06,1833.51,139.13,1205.89
2019-09-09,1831.29,137.58,1205.39
2019-09-10,1821.31,136.15,1207.62
2019-09-11,1822.49,136.15,1219.96
2019-09-12,1843.0,137.5414,1234.96
2019-09-13,1839.34,137.21,1239.9
2019-09-16,1808.23,136.4,1231.22
2019-09-17,1822.62,137.39,1229.87
2019-09-18,1817.59,138.53,1233.26
2019-09-19,1821.54,141.08,1238.76
2019-09-20,1794.89,139.28,1229.53
2019-09-23,1784.29,139.09,1234.49
2019-09-24,1742.34,137.38,1218.12
2019-09-25,1768.08,139.36,1246.61
2019-09-26,1740.12,139.57,1241.42
2019-09-27,1725.85,137.75,1226.15
2019-09-30,1736.12,139.03,1221.15
2019-10-01,1736.11,137.06,1206.0
2019-10-02,1713.23,134.63,1177.41
2019-10-03,1724.25,136.3,1188.84
2019-10-04,1739.4,138.11,1210.23
2019-10-07,1732.5,137.1,1207.99
2019-10-08,1705.25,135.66,1189.78
2019-10-09,1721.79,138.21,1202.39
2019-10-10,1720.56,139.1,1209.59
2019-10-11,1729.98,139.61,1214.27
2019-10-14,1736.5,139.54,1217.08
2019-10-15,1767.35,141.57,1242.24
2019-10-16,1777.42,140.48,1242.97
2019-10-17,1787.47,139.67,1253.48
2019-10-18,1757.79,137.34,1244.08
2019-10-21,1785.835,138.43,1244.41
2019-10-22,1765.34,136.39,1241.18
2019-10-23,1761.99,137.25,1257.75
2019-10-24,1781.5935,139.95,1259.09
2019-10-25,1762.0,140.73,1264.28
2019-10-28,1777.04,144.2,1289.465
2019-10-29,1763.04,142.81,1260.67
2019-10-30,1780.0,144.56,1260.62
2019-10-31,1777.1431,143.39,1258.79
2019-11-01,1791.47,143.72,1272.98
2019-11-04,1805.27,144.52,1289.61
2019-11-05,1801.7,144.46,1291.45
2019-11-06,1795.94,144.06,1290.75
2019-11-07,1788.2,144.28,1306.94
2019-11-08,1785.88,145.96,1308.97
2019-11-11,1771.9,146.12,1298.24
2019-11-12,1778.23,147.08,1297.65
2019-11-13,1753.4,147.34,1295.82
2019-11-14,1754.65,148.06,1309.46
2019-11-15,1739.08,149.95,1333.21
2019-11-18,1752.86,150.34,1319.57
2019-11-19,1753.16,150.39,1312.37
2019-11-20,1746.6335,149.62,1301.94
2019-11-21,1735.0,149.49,1299.69
2019-11-22,1745.85,149.63,1294.16
2019-11-25,1773.69,151.2247,1305.65
2019-11-26,1796.99,152.0,1313.01
2019-11-27,1818.23,152.34,1312.46
2019-11-29,1800.96,151.38,1304.2
2019-12-02,1781.61,149.55,1288.86
2019-12-03,1770.33,149.32,1293.86
2019-12-04,1760.48,149.83,1318.3
2019-12-05,1740.48,149.92,1327.56
2019-12-06,1751.59,151.75,1339.41
2019-12-09,1749.42,151.36,1342.93
2019-12-10,1739.49,151.17,1343.14
2019-12-11,1748.9,151.69,1344.12
2019-12-12,1760.18,153.23,1348.05
2019-12-13,1760.93,154.54,1346.87
2019-12-16,1769.21,155.54,1360.69
2019-12-17,1790.66,154.79,1354.95
2019-12-18,1782.36,154.37,1351.46
2019-12-19,1792.29,155.71,1356.52
2019-12-20,1786.57,157.39,1351.21
2019-12-23,1793.0,157.41,1350.27
2019-12-24,1789.63,157.39,1344.74
2019-12-26,1869.02,158.67,1362.16
2019-12-27,1869.26,158.95,1354.64
2019-12-30,1847.18,157.68,1340.47
2019-12-31,1847.64,157.49,1338.12
2020-01-02,1897.71,160.73,1368.68
2020-01-03,1874.93,158.59,1360.4
2020-01-06,1903.33,159.02,1397.43
2020-01-07,1906.86,157.6,1395.55
2020-01-08,1892.09,160.14,1405.48
2020-01-09,1901.0,162.09,1420.15
2020-01-10,1882.98,161.32,1429.37
2020-01-13,1891.41,163.28,1440.71
2020-01-14,1869.2,162.15,1430.36
2020-01-15,1862.01,163.29,1439.21
2020-01-16,1877.95,166.21,1450.7
2020-01-17,1864.71,167.05,1479.75
2020-01-21,1892.55,166.49,1482.75
2020-01-22,1887.46,165.69,1483.56
2020-01-23,1884.58,166.72,1484.02
2020-01-24,1861.64,165.04,1466.05
2020-01-27,1828.89,162.26,1431.43
2020-01-28,1853.33,165.46,1449.61
2020-01-29,1858.0,168.18,1456.47
2020-01-30,1870.8896,172.74,1454.3
2020-01-31,2007.75,170.17,1432.68
2020-02-03,2003.25,174.39,1482.6
2020-02-04,2049.78,180.13,1446.37
2020-02-05,2039.62,179.94,1446.83
2020-02-06,2050.37,183.64,1476.195
2020-02-07,2079.21,183.95,1479.22
2020-02-10,2134.55,188.74,1508.87
2020-02-11,2152.27,184.44,1510.15
2020-02-12,2161.34,184.72,1519.43
2020-02-13,2151.12,183.76,1513.54
2020-02-14,2135.48,185.35,1519.6
2020-02-18,2155.67,187.22,1519.44
2020-02-19,2170.21,187.28,1524.88
2020-02-20,2153.59,184.33,1516.97
2020-02-21,2095.97,178.56,1483.47
2020-02-24,2008.74,170.88,1419.37
2020-02-25,1970.65,168.05,1386.22
2020-02-26,1979.61,170.16,1390.63
2020-02-27,1882.88,158.0,1314.72
2020-02-28,1889.18,162.11,1341.16
2020-03-02,1954.0,172.85,1386.6401
2020-03-03,1908.88,164.38,1337.72
2020-03-04,1976.46,170.54,1380.92
2020-03-05,1924.03,166.24,1315.33
2020-03-06,1901.14,161.57,1295.69
2020-03-09,1800.01,150.62,1210.68
2020-03-10,1894.0,161.03,1275.85
2020-03-11,1819.63,153.56,1210.65
2020-03-12,1676.21,138.76,1110.76
2020-03-13,1786.31,158.85,1214.3699
2020-03-16,1688.0,135.4144,1073.01
2020-03-17,1807.38,146.57,1118.065
2020-03-18,1832.39,142.13,1096.1
2020-03-19,1880.5,142.67,1112.84
2020-03-20,1846.09,136.77,1067.83
2020-03-23,1902.54,135.56,1054.13
2020-03-24,1940.0,148.34,1131.0
2020-03-25,1885.78,146.85,1101.13
2020-03-26,1955.225,156.11,1162.92
2020-03-27,1899.92,149.61,1110.26
2020-03-30,1964.78,160.3,1146.31
2020-03-31,1949.79,157.64,1161.95
2020-04-01,1906.58,151.94,1101.9
2020-04-02,1918.83,155.26,1116.84
2020-04-03,1906.6,153.8201,1092.69
2020-04-06,1998.49,165.27,1183.4
2020-04-07,2011.6,163.49,1182.48
2020-04-08,2042.9,165.11,1207.0
2020-04-09,2042.82,165.19,1206.755
2020-04-13,2168.01,165.51,1211.21
2020-04-14,2283.31,173.7,1265.24
2020-04-15,2309.27,171.94,1257.29
2020-04-16,2408.19,177.07,1257.44
2020-04-17,2372.87,178.6,1279.04
2020-04-20,2393.08,174.99,1261.22
2020-04-21,2329.36,167.67,1210.08
2020-04-22,2366.54,173.725,1256.94
2020-04-23,2399.44,171.43,1271.62
2020-04-24,2410.0,174.54,1276.61
2020-04-27,2376.82,174.03,1270.86
2020-04-28,2314.08,169.79,1232.31
2020-04-29,2371.88,177.3,1341.221
2020-04-30,2471.5,179.22,1346.86
2020-05-01,2285.94,174.5,1317.3
2020-05-04,2315.99,178.84,1322.51
2020-05-05,2317.64,180.76,1349.65
2020-05-06,2350.97,182.49,1345.17
2020-05-07,2367.61,183.6078,1369.84
2020-05-08,2379.5,184.68,1384.38
2020-05-11,2406.9375,186.65,1402.76
2020-05-12,2357.505,182.38,1375.25
2020-05-13,2366.17,179.78,1348.4
2020-05-14,2391.37,180.61,1357.08
2020-05-15,2410.41,183.39,1373.89
2020-05-18,2426.38,184.9,1385.18
2020-05-19,2448.59,183.5,1374.3
2020-05-20,2497.35,185.66,1409.18
2020-05-21,2448.01,183.49,1407.92
2020-05-22,2436.89,183.51,1413.23
2020-05-26,2423.7,181.56,1421.38
2020-05-27,2409.51,181.81,1420.28
2020-05-28,2401.05,181.27,1417.46
2020-05-29,2436.53,183.96,1432.4
2020-06-01,2470.12,182.86,1434.35
2020-06-02,2473.3,185.0,1443.0
2020-06-03,2478.4,185.36,1439.25
2020-06-04,2460.6,182.95,1414.82
2020-06-05,2481.415,187.5,1440.75
2020-06-08,2522.8,188.47,1448.47
2020-06-09,2603.39,190.07,1452.07
2020-06-10,2648.16,196.82,1464.98
2020-06-11,2558.47,186.47,1401.02
2020-06-12,2566.705,188.14,1407.49
2020-06-15,2572.62,189.09,1420.75
2020-06-16,2615.13,193.67,1446.64
2020-06-17,2641.72,194.2,1452.7
2020-06-18,2655.0,196.32,1433.621
2020-06-19,2671.86,195.03,1426.98
2020-06-22,2712.0,200.58,1450.44
2020-06-23,2764.42,201.889,1464.18
2020-06-24,2733.49,197.84,1432.17
2020-06-25,2756.16,200.36,1441.15
2020-06-26,2692.87,196.33,1362.14
2020-06-29,2681.52,198.5,1398.0
2020-06-30,2756.09,203.5,1417.92
2020-07-01,2879.2,204.66,1442.6
2020-07-02,2887.56,206.21,1469.8
2020-07-06,3057.16,210.69,1499.66
2020-07-07,3000.12,208.24,1489.92
2020-07-08,3081.88,212.84,1503.155
2020-07-09,3183.81,214.4,1518.38
2020-07-10,3203.36,213.65,1538.81
2020-07-13,3101.55,207.1,1513.17
2020-07-14,3084.02,208.39,1522.12
2020-07-15,3008.87,208.05,1516.88
2020-07-16,2994.55,203.88,1514.42
2020-07-17,2961.47,202.87,1515.6
2020-07-20,3195.01,211.49,1563.41
2020-07-21,3141.43,208.75,1555.99
2020-07-22,3100.23,211.7533,1565.5
2020-07-23,2987.725,202.6,1518.0
2020-07-24,3008.92,201.3,1508.81
2020-07-27,3053.89,203.85,1529.46
2020-07-28,2999.62,201.74,1504.6
2020-07-29,3034.27,204.06,1523.28
2020-07-30,3052.65,203.89,1537.91
2020-07-31,3164.68,205.1,1488.79
2020-08-03,3111.42,216.54,1482.9
2020-08-04,3138.82,213.35,1472.58
2020-08-05,3205.83,212.95,1479.67
2020-08-06,3224.35,216.35,1504.94
2020-08-07,3165.75,212.44,1497.85
2020-08-10,3149.87,208.33,1496.82
2020-08-11,3080.67,203.33,1480.86
2020-08-12,3161.0,209.29,1506.24
2020-08-13,3161.02,208.72,1517.05
2020-08-14,3148.0,208.89,1504.63
2020-08-17,3181.16,210.2492,1515.14
2020-08-18,3312.49,211.48,1555.79
2020-08-19,3260.15,209.7,1545.03
2020-08-20,3296.05,214.55,1575.73
2020-08-21,3284.59,213.02,1576.19
2020-08-24,3307.45,213.71,1585.15
2020-08-25,3346.05,216.4564,1605.85
2020-08-26,3442.06,221.15,1644.28
2020-08-27,3400.7,226.57,1628.53
2020-08-28,3401.8,228.94,1640.12
2020-08-31,3441.91,225.06,1627.0
2020-09-01,3500.47,227.32,1656.48
2020-09-02,3529.34,231.46,1719.15
2020-09-03,3369.17,217.3,1630.18
2020-09-04,3294.62,214.14,1581.21
2020-09-08,3149.84,202.65,1523.9
2020-09-09,3268.27,211.18,1545.47
2020-09-10,3176.12,205.38,1525.77
2020-09-11,3117.28,204.04,1514.97
2020-09-14,3102.97,205.3,1510.26
2020-09-15,3153.28,208.85,1535.18
2020-09-16,3077.14,204.94,1512.09
2020-09-17,3010.56,202.96,1487.78
2020-09-18,2952.64,200.45,1451.09
2020-09-21,2962.0,202.64,1430.88
2020-09-22,3129.0,207.38,1459.83
2020-09-23,2997.44,200.59,1410.0
2020-09-24,3018.58,203.18,1422.88
2020-09-25,3094.65,207.77,1439.05
2020-09-28,3175.04,209.61,1459.7
2020-09-29,3142.92,207.16,1466.02
2020-09-30,3147.425,210.32,1465.6
2020-10-01,3222.01,212.46,1487.95
2020-10-02,3125.93,206.18,1454.56
2020-10-05,3199.2,210.37,1482.38
2020-10-06,3099.29,205.91,1449.62
2020-10-07,3192.51,209.81,1459.31
2020-10-08,3190.55,210.63,1484.55
2020-10-09,3287.82,215.81,1510.45
2020-10-12,3442.93,221.41,1564.84
2020-10-13,3442.64,222.83,1567.08
2020-10-14,3363.05,220.93,1563.72
2020-10-15,3338.62,219.66,1555.18
2020-10-16,3160.0,219.65,1568.13
2020-10-19,3207.3,214.24,1530.47
2020-10-20,3216.26,214.56,1551.08
2020-10-21,3183.6,214.785,1585.99
2020-10-22,3177.4,214.84,1607.79
2020-10-23,3204.64,216.26,1632.515
2020-10-26,3207.32,210.15,1584.32
2020-10-27,3287.92,213.15,1599.17
2020-10-28,3162.49,202.71,1510.44
2020-10-29,3212.79,204.39,1555.19
2020-10-30,3036.13,202.58,1616.26
2020-11-02,3004.48,202.32,1623.17
2020-11-03,3046.25,206.12,1643.49
2020-11-04,3241.16,216.32,1747.04
2020-11-05,3322.0,223.29,1762.61
2020-11-06,3310.41,223.62,1759.4
2020-11-09,3141.34,218.34,1760.08
2020-11-10,3035.18,211.02,1738.39
2020-11-11,3136.81,216.4,1746.72
2020-11-12,3110.2,215.47,1742.7
2020-11-13,3134.09,217.31,1776.15
2020-11-16,3132.99,217.39,1764.255
2020-11-17,3135.66,214.47,1761.65
2020-11-18,3105.1,210.97,1740.64
2020-11-19,3114.41,212.31,1758.99
2020-11-20,3099.205,210.34,1735.55
2020-11-23,3100.18,210.09,1726.67
2020-11-24,3116.86,213.86,1762.7
2020-11-25,3184.82,213.75,1764.13
2020-11-27,3195.95,215.29,1786.27
2020-11-30,3168.03,214.24,1756.19
2020-12-01,3220.08,216.21,1794.22
2020-12-02,3203.75,215.42,1825.44
2020-12-03,3188.66,214.27,1823.22
2020-12-04,3163.49,214.4,1823.73
2020-12-07,3158.77,214.32,1817.03
2020-12-08,3176.64,215.99,1810.75
2020-12-09,3101.35,211.41,1775.49
2020-12-10,3100.07,210.515,1767.77
2020-12-11,3116.41,213.27,1774.57
2020-12-14,3156.97,214.19,1752.03
2020-12-15,3166.45,214.16,1761.13
2020-12-16,3240.96,219.19,1757.1
2020-12-17,3237.015,219.42,1740.52
2020-12-18,3201.07,218.15,1720.03
2020-12-21,3205.74,222.57,1734.56
2020-12-22,3206.52,223.97,1720.23
2020-12-23,3186.73,221.02,1727.4
2020-12-24,3171.16,222.71,1734.75
2020-12-28,3283.96,224.96,1774.12
2020-12-29,3320.71,224.29,1757.78
2020-12-30,3285.85,221.68,1736.24
2020-12-31,3256.41,222.37,1751.17
2021-01-04,3186.65,217.81,1726.39
2021-01-05,3218.51,218.01,1739.26
2021-01-06,3138.01,212.22,1723.38
2021-01-07,3161.41,218.29,1775.18
2021-01-08,3182.7,219.55,1798.0
2021-01-11,3115.75,217.5,1756.28
2021-01-12,3120.88,214.93,1737.67
2021-01-13,3166.24,216.41,1747.4
2021-01-14,3129.32,213.02,1731.6
2021-01-15,3104.54,212.58,1727.62
2021-01-19,3121.0,216.44,1784.38
2021-01-20,3264.73,224.18,1880.06
2021-01-21,3307.21,224.9,1885.5
2021-01-22,3290.0,225.84,1892.16
2021-01-25,3293.1,229.52,1894.28
2021-01-26,3326.12,232.5831,1907.86
2021-01-27,3234.98,233.09,1818.98
2021-01-28,3239.7,238.93,1851.39
2021-01-29,3206.31,231.81,1826.38
2021-02-01,3342.88,239.59,1893.07
2021-02-02,3383.23,239.48,1917.6
2021-02-03,3311.26,242.94,2057.29
2021-02-04,3330.84,241.9,2055.27
2021-02-05,3352.49,242.2,2089.5
2021-02-08,3323.49,242.47,2084.52
2021-02-09,3305.0,243.8,2073.9
2021-02-10,3286.59,242.81,2086.53
2021-02-11,3261.65,244.52,2087.94
2021-02-12,3278.38,245.06,2095.7
2021-02-16,3267.05,243.71,2111.14
2021-02-17,3307.8,244.26,2120.04
2021-02-18,3329.43,243.79,2105.68
2021-02-19,3251.0,241.03,2087.42
2021-02-22,3182.39,234.6,2054.13
2021-02-23,3195.65,233.27,2059.69
2021-02-24,3159.53,234.54,2084.25
2021-02-25,3057.16,228.83,2017.29
2021-02-26,3092.349,232.19,2021.45
2021-03-01,3146.61,236.94,2071.08
2021-03-02,3095.99,233.87,2065.24
2021-03-03,3005.01,227.55,2011.41
2021-03-04,2977.04,226.9,2033.93
2021-03-05,3000.45,231.58,2096.01
2021-03-08,2951.951,227.42,2007.82
2021-03-09,3062.67,233.68,2040.37
2021-03-10,3057.64,232.39,2035.88
2021-03-11,3116.48,237.26,2100.01
2021-03-12,3091.23,235.8,2049.97
2021-03-15,3081.42,234.81,2054.72
2021-03-16,3092.42,237.69,2083.9
2021-03-17,3135.2,237.19,2082.97
2021-03-18,3027.99,230.72,2021.24
2021-03-19,3072.99,229.91,2024.94
2021-03-22,3111.37,236.04,2030.84
2021-03-23,3137.5,237.53,2041.31
2021-03-24,3087.17,235.46,2033.23
2021-03-25,3046.26,232.32,2032.45
2021-03-26,3053.14,236.48,2025.48
2021-03-29,3076.76,235.27,2046.29
2021-03-30,3054.7,232.26,2046.71
2021-03-31,3095.65,235.92,2063.21
2021-04-01,3161.55,242.39,2129.97
2021-04-05,3225.26,249.07,2219.06
2021-04-06,3223.99,247.87,2210.16
2021-04-07,3279.39,249.89,2238.74
2021-04-08,3299.99,253.26,2250.62
2021-04-09,3372.09,255.83,2270.67
2021-04-12,3379.39,255.96,2245.23
2021-04-13,3400.0,258.49,2253.21
2021-04-14,3334.4,255.91,2241.46
2021-04-15,3378.89,259.56,2283.72
2021-04-16,3399.21,260.74,2282.44
2021-04-19,3373.94,258.96,2289.74
2021-04-20,3334.68,258.28,2279.01
2021-04-21,3361.52,260.61,2277.79
2021-04-22,3308.0676,257.2,2252.86
2021-04-23,3340.52,261.13,2299.94
2021-04-26,3408.96,261.55,2311.53
2021-04-27,3418.72,262.02,2290.18
2021-04-28,3461.12,254.71,2359.04
2021-04-29,3471.31,252.46,2392.51
2021-04-30,3470.02,252.27,2353.74
2021-05-03,3386.49,251.8801,2343.11
2021-05-04,3312.65,247.93,2306.64
2021-05-05,3271.17,246.51,2315.68
