Date,BTC
1/1/16,433.82
1/2/16,433.55
1/3/16,431.04
1/4/16,434.17
1/5/16,432.43
1/6/16,429.56
1/7/16,457
1/8/16,452.7
1/9/16,448.84
1/10/16,448.79
1/11/16,448
1/12/16,434.85
1/13/16,432.64
1/14/16,429.55
1/15/16,360
1/16/16,386.91
1/17/16,380.16
1/18/16,385.49
1/19/16,376.76
1/20/16,416.32
1/21/16,409.59
1/22/16,382.55
1/23/16,386.4
1/24/16,402.16
1/25/16,390.9
1/26/16,391.77
1/27/16,394.95
1/28/16,379.75
1/29/16,378.22
1/30/16,375.64
1/31/16,368.49
2/1/16,371.81
2/2/16,373.05
2/3/16,368.38
2/4/16,387.82
2/5/16,385
2/6/16,375.39
2/7/16,375
2/8/16,370.91
2/9/16,373.2
2/10/16,379.66
2/11/16,377.98
2/12/16,383.27
2/13/16,390.99
2/14/16,405
2/15/16,399.28
2/16/16,407.51
2/17/16,415.54
2/18/16,421.18
2/19/16,419.54
2/20/16,434.63
2/21/16,438.5
2/22/16,438.27
2/23/16,419.1
2/24/16,423.78
2/25/16,423.51
2/26/16,432
2/27/16,431.07
2/28/16,431.68
2/29/16,435.23
3/1/16,432.5
3/2/16,423.45
3/3/16,420.29
3/4/16,408.01
3/5/16,399.83
3/6/16,406.23
3/7/16,414.01
3/8/16,411.75
3/9/16,413
3/10/16,416
3/11/16,419.13
3/12/16,410.9
3/13/16,413.04
3/14/16,414.99
3/15/16,415.85
3/16/16,416.57
3/17/16,418.49
3/18/16,407.91
3/19/16,409.04
3/20/16,411.28
3/21/16,411.67
3/22/16,416.64
3/23/16,417.62
3/24/16,415.17
3/25/16,415.7
3/26/16,416.96
3/27/16,424.77
3/28/16,422.87
3/29/16,415.95
3/30/16,413.74
3/31/16,414.66
4/1/16,416.31
4/2/16,419
4/3/16,419.11
4/4/16,418.75
4/5/16,422.71
4/6/16,421.03
4/7/16,420
4/8/16,417.75
4/9/16,418.24
4/10/16,420.04
4/11/16,422.69
4/12/16,425.54
4/13/16,423.93
4/14/16,424.86
4/15/16,429.45
4/16/16,430.69
4/17/16,427.42
4/18/16,428.14
4/19/16,435.63
4/20/16,442.13
4/21/16,451
4/22/16,447.7
4/23/16,451.92
4/24/16,460.02
4/25/16,462.33
4/26/16,467.42
4/27/16,445.38
4/28/16,449.14
4/29/16,456.53
4/30/16,448.37
5/1/16,453
5/2/16,444.06
5/3/16,450.61
5/4/16,446.63
5/5/16,448.5
5/6/16,458.48
5/7/16,458.07
5/8/16,458.21
5/9/16,460.82
5/10/16,451.62
5/11/16,452.91
5/12/16,455.2
5/13/16,455.91
5/14/16,455.57
5/15/16,457.56
5/16/16,454
5/17/16,453.08
5/18/16,452.92
5/19/16,436.3
5/20/16,442.72
5/21/16,443.31
5/22/16,438.8
5/23/16,442.99
5/24/16,443.97
5/25/16,448.7
5/26/16,452.07
5/27/16,472.05
5/28/16,519.41
5/29/16,517.84
5/30/16,527.64
5/31/16,531.84
6/1/16,536.95
6/2/16,538
6/3/16,569.94
6/4/16,573.8
6/5/16,573.91
6/6/16,584.5
6/7/16,577.54
6/8/16,583.03
6/9/16,575.01
6/10/16,578.01
6/11/16,610
6/12/16,672.13
6/13/16,704.49
6/14/16,685.25
6/15/16,695
6/16/16,766.62
6/17/16,745.22
6/18/16,754.83
6/19/16,761.44
6/20/16,730.85
6/21/16,667.54
6/22/16,601.3
6/23/16,624.91
6/24/16,661.71
6/25/16,659.86
6/26/16,630.16
6/27/16,657.5
6/28/16,646.08
6/29/16,634.11
6/30/16,667.95
7/1/16,674.86
7/2/16,702.48
7/3/16,658.27
7/4/16,680.35
7/5/16,668.94
7/6/16,674.7
7/7/16,638.19
7/8/16,663
7/9/16,647.78
7/10/16,648.76
7/11/16,649.32
7/12/16,663.52
7/13/16,655.06
7/14/16,659.1
7/15/16,664.6
7/16/16,662.45
7/17/16,679.54
7/18/16,672.1
7/19/16,673.48
7/20/16,667.03
7/21/16,663.99
7/22/16,649.95
7/23/16,655.52
7/24/16,661.47
7/25/16,654.96
7/26/16,651.24
7/27/16,653.48
7/28/16,653.07
7/29/16,654.61
7/30/16,654.67
7/31/16,623.83
8/1/16,606.35
8/2/16,540
8/3/16,563.42
8/4/16,576.13
8/5/16,572.5
8/6/16,589.48
8/7/16,592.47
8/8/16,591.88
8/9/16,582.75
8/10/16,590.27
8/11/16,585.22
8/12/16,585.91
8/13/16,583.52
8/14/16,568.76
8/15/16,565.55
8/16/16,574.99
8/17/16,570.91
8/18/16,571.49
8/19/16,572.91
8/20/16,577.88
8/21/16,577.55
8/22/16,582.78
8/23/16,580.23
8/24/16,577.58
8/25/16,575.71
8/26/16,578.78
8/27/16,568.31
8/28/16,573.2
8/29/16,571.5
8/30/16,575.91
8/31/16,570.75
9/1/16,571.05
9/2/16,572
9/3/16,595.01
9/4/16,603.72
9/5/16,603.48
9/6/16,608.16
9/7/16,615.16
9/8/16,625.67
9/9/16,622.01
9/10/16,621.65
9/11/16,606.32
9/12/16,608.04
9/13/16,607.46
9/14/16,608.5
9/15/16,606.71
9/16/16,605.69
9/17/16,604.1
9/18/16,608
9/19/16,608.72
9/20/16,600.94
9/21/16,595.46
9/22/16,595.41
9/23/16,601.42
9/24/16,599.33
9/25/16,598.98
9/26/16,606.47
9/27/16,604.26
9/28/16,603.95
9/29/16,605.6
9/30/16,608.23
10/1/16,612.98
10/2/16,608.6
10/3/16,611.16
10/4/16,607.19
10/5/16,608.49
10/6/16,610.25
10/7/16,614.88
10/8/16,614.34
10/9/16,613.06
10/10/16,616
10/11/16,639
10/12/16,634.5
10/13/16,634.02
10/14/16,638.2
10/15/16,635.96
10/16/16,638.97
10/17/16,636.91
10/18/16,635.95
10/19/16,627.98
10/20/16,628.89
10/21/16,629
10/22/16,654.52
10/23/16,648.74
10/24/16,648.6
10/25/16,651.97
10/26/16,675.11
10/27/16,684.71
10/28/16,685.91
10/29/16,711.13
10/30/16,697.23
10/31/16,697.01
11/1/16,726.6
11/2/16,742
11/3/16,685.22
11/4/16,702.7
11/5/16,703.46
11/6/16,709.93
11/7/16,702.86
11/8/16,709.31
11/9/16,721.5
11/10/16,714.47
11/11/16,716.39
11/12/16,702.28
11/13/16,700.38
11/14/16,703.82
11/15/16,711.06
11/16/16,739.71
11/17/16,735.24
11/18/16,748.98
11/19/16,750.75
11/20/16,727.09
11/21/16,736.76
11/22/16,749.22
11/23/16,740.18
11/24/16,735.63
11/25/16,737.07
11/26/16,729.91
11/27/16,727.32
11/28/16,729.54
11/29/16,730.76
11/30/16,742.06
12/1/16,751.54
12/2/16,769.99
12/3/16,760.75
12/4/16,762
12/5/16,750.24
12/6/16,758.98
12/7/16,763.99
12/8/16,766.84
12/9/16,769.57
12/10/16,772.28
12/11/16,768.97
12/12/16,776.9
12/13/16,775.35
12/14/16,777.09
12/15/16,775.89
12/16/16,781.32
12/17/16,788.52
12/18/16,788.67
12/19/16,791
12/20/16,798.65
12/21/16,832.75
12/22/16,859.96
12/23/16,914
12/24/16,892.61
12/25/16,890.67
12/26/16,897.1
12/27/16,930.34
12/28/16,976.47
12/29/16,969.58
12/30/16,959.54
12/31/16,966.3
1/1/17,997.75
1/2/17,1012.54
1/3/17,1035.24
1/4/17,1114.92
1/5/17,1004.74
1/6/17,893.89
1/7/17,906.2
1/8/17,909.75
1/9/17,896.23
1/10/17,905.05
1/11/17,778.62
1/12/17,807.47
1/13/17,825.86
1/14/17,818.27
1/15/17,821.86
1/16/17,831.81
1/17/17,905.99
1/18/17,887.7
1/19/17,901.01
1/20/17,895.8
1/21/17,921.98
1/22/17,923.76
1/23/17,913.52
1/24/17,885.47
1/25/17,893.43
1/26/17,914.83
1/27/17,918.02
1/28/17,918.6
1/29/17,912.01
1/30/17,919.99
1/31/17,963.99
2/1/17,983.67
2/2/17,1009.17
2/3/17,1016.99
2/4/17,1033.18
2/5/17,1011.07
2/6/17,1023.99
2/7/17,1052.48
2/8/17,1050.4
2/9/17,986
2/10/17,996.08
2/11/17,1012.4
2/12/17,1000.73
2/13/17,1000.79
2/14/17,1008.88
2/15/17,1011.53
2/16/17,1032.7
2/17/17,1055.46
2/18/17,1056.4
2/19/17,1051.8
2/20/17,1084
2/21/17,1124.62
2/22/17,1130.01
2/23/17,1188.11
2/24/17,1180.14
2/25/17,1152.2
2/26/17,1179.05
2/27/17,1194.64
2/28/17,1191.21
3/1/17,1226.39
3/2/17,1257.6
3/3/17,1285.33
3/4/17,1260
3/5/17,1273
3/6/17,1278.49
3/7/17,1233.05
3/8/17,1150.05
3/9/17,1190.89
3/10/17,1116.97
3/11/17,1176.55
3/12/17,1226.62
3/13/17,1242.46
3/14/17,1245.75
3/15/17,1257.32
3/16/17,1172.62
3/17/17,1071.02
3/18/17,969.4
3/19/17,1017.97
3/20/17,1035.96
3/21/17,1114.39
3/22/17,1037.56
3/23/17,1029.65
3/24/17,929.06
3/25/17,956.02
3/26/17,960
3/27/17,1039.92
3/28/17,1043.99
3/29/17,1035.96
3/30/17,1033.7
3/31/17,1070.31
4/1/17,1083.94
4/2/17,1078.01
4/3/17,1144.77
4/4/17,1143
4/5/17,1134.58
4/6/17,1190.85
4/7/17,1190.66
4/8/17,1184.03
4/9/17,1206.2
4/10/17,1209.25
4/11/17,1218.99
4/12/17,1212.17
4/13/17,1172.91
4/14/17,1170.34
4/15/17,1173.45
4/16/17,1162.31
4/17/17,1176.54
4/18/17,1202.58
4/19/17,1203.98
4/20/17,1234.19
4/21/17,1243.61
4/22/17,1233.2
4/23/17,1241.99
4/24/17,1253.58
4/25/17,1269
4/26/17,1287.99
4/27/17,1331.53
4/28/17,1330.7
4/29/17,1333
4/30/17,1350.21
5/1/17,1390.86
5/2/17,1447.75
5/3/17,1503.22
5/4/17,1537.23
5/5/17,1514.9
5/6/17,1558.02
5/7/17,1554.01
5/8/17,1649.54
5/9/17,1720.28
5/10/17,1772.58
5/11/17,1828.45
5/12/17,1691.51
5/13/17,1776.89
5/14/17,1784
5/15/17,1705.48
5/16/17,1700.01
5/17/17,1782.99
5/18/17,1878.99
5/19/17,1958
5/20/17,2013.99
5/21/17,2017.55
5/22/17,2099.97
5/23/17,2264.23
5/24/17,2420.29
5/25/17,2292.53
5/26/17,2279.82
5/27/17,2042
5/28/17,2178.81
5/29/17,2292.1
5/30/17,2203.53
5/31/17,2298.01
6/1/17,2413.63
6/2/17,2488.94
6/3/17,2540.94
6/4/17,2529.82
6/5/17,2698
6/6/17,2880.74
6/7/17,2683.03
6/8/17,2806
6/9/17,2822.32
6/10/17,2899.99
6/11/17,2954.22
6/12/17,2667.06
6/13/17,2703.02
6/14/17,2450
6/15/17,2424.91
6/16/17,2484.68
6/17/17,2630.03
6/18/17,2516.98
6/19/17,2598
6/20/17,2740
6/21/17,2657.04
6/22/17,2713.48
6/23/17,2685.05
6/24/17,2557.66
6/25/17,2502.03
6/26/17,2421.22
6/27/17,2565
6/28/17,2559.9
6/29/17,2541.59
6/30/17,2465.49
7/1/17,2412.41
7/2/17,2504.37
7/3/17,2550.47
7/4/17,2596.12
7/5/17,2602.9
7/6/17,2600.39
7/7/17,2501.46
7/8/17,2550.07
7/9/17,2502.28
7/10/17,2323.45
7/11/17,2305.98
7/12/17,2388
7/13/17,2339.99
7/14/17,2213.37
7/15/17,1970.51
7/16/17,1917.63
7/17/17,2226
7/18/17,2303.71
7/19/17,2265.21
7/20/17,2875.03
7/21/17,2670
7/22/17,2832.71
7/23/17,2749.02
7/24/17,2759.98
7/25/17,2564.82
7/26/17,2524.99
7/27/17,2666.33
7/28/17,2777.01
7/29/17,2680.56
7/30/17,2742.75
7/31/17,2855.81
8/1/17,2731
8/2/17,2703.51
8/3/17,2793.37
8/4/17,2855
8/5/17,3263.62
8/6/17,3222.75
8/7/17,3387.54
8/8/17,3412.41
8/9/17,3342.99
8/10/17,3413.03
8/11/17,3645.06
8/12/17,3855.1
8/13/17,4053.87
8/14/17,4306.23
8/15/17,4155.67
8/16/17,4378.84
8/17/17,4276.5
8/18/17,4100
8/19/17,4099.55
8/20/17,4058.68
8/21/17,3987.52
8/22/17,4085
8/23/17,4115.14
8/24/17,4300.34
8/25/17,4355.98
8/26/17,4333.38
8/27/17,4337.68
8/28/17,4379.99
8/29/17,4578.82
8/30/17,4573.2
8/31/17,4734.26
9/1/17,4921.7
9/2/17,4599.9
9/3/17,4606.26
9/4/17,4277
9/5/17,4396.52
9/6/17,4605.8
9/7/17,4615
9/8/17,4312
9/9/17,4308.72
9/10/17,4226.22
9/11/17,4207.31
9/12/17,4172.56
9/13/17,3865.34
9/14/17,3227.79
9/15/17,3700.01
9/16/17,3678.93
9/17/17,3662.99
9/18/17,4101.6
9/19/17,3888.8
9/20/17,3874.46
9/21/17,3617.05
9/22/17,3612.18
9/23/17,3779.17
9/24/17,3664.22
9/25/17,3918
9/26/17,3888.03
9/27/17,4199.29
9/28/17,4184.84
9/29/17,4164.82
9/30/17,4326.09
10/1/17,4377.22
10/2/17,4391.48
10/3/17,4315.83
10/4/17,4219.53
10/5/17,4301.09
10/6/17,4362.95
10/7/17,4423.3
10/8/17,4597.98
10/9/17,4764.7
10/10/17,4749.29
10/11/17,4822.01
10/12/17,5445
10/13/17,5653.6
10/14/17,5801.29
10/15/17,5679.7
10/16/17,5745.72
10/17/17,5597.31
10/18/17,5582.05
10/19/17,5698.69
10/20/17,5977.29
10/21/17,6013.46
10/22/17,5969
10/23/17,5871.17
10/24/17,5523.4
10/25/17,5735.88
10/26/17,5890
10/27/17,5771.89
10/28/17,5730.69
10/29/17,6137.37
10/30/17,6119.99
10/31/17,6434.21
11/1/17,6741.59
11/2/17,7030
11/3/17,7146.82
11/4/17,7388.83
11/5/17,7372.72
11/6/17,6967.68
11/7/17,7130.28
11/8/17,7450.32
11/9/17,7148
11/10/17,6588.18
11/11/17,6355.13
11/12/17,5870.37
11/13/17,6525.17
11/14/17,6609
11/15/17,7294
11/16/17,7846.96
11/17/17,7674.99
11/18/17,7771.03
11/19/17,8016.58
11/20/17,8226.17
11/21/17,8095.23
11/22/17,8214.69
11/23/17,7989
11/24/17,8199.19
11/25/17,8717.99
11/26/17,9271.06
11/27/17,9708.07
11/28/17,9868.82
11/29/17,9824.68
11/30/17,9947.67
12/1/17,10840.45
12/2/17,10872
12/3/17,11250
12/4/17,11613.07
12/5/17,11677
12/6/17,13623.5
12/7/17,16599.99
12/8/17,15800
12/9/17,14607.49
12/10/17,14691
12/11/17,16470
12/12/17,16650.01
12/13/17,16250
12/14/17,16404.99
12/15/17,17471.5
12/16/17,19187.78
12/17/17,18953
12/18/17,18940.57
12/19/17,17700
12/20/17,16466.98
12/21/17,15600.01
12/22/17,14009.79
12/23/17,14619
12/24/17,14157.87
12/25/17,13911.28
12/26/17,15764.44
12/27/17,15364.93
12/28/17,14470.07
12/29/17,14340
12/30/17,12640
12/31/17,13880
1/1/18,13443.41
1/2/18,14678.94
1/3/18,15155.62
1/4/18,15143.67
1/5/18,16928
1/6/18,17149.67
1/7/18,16124.02
1/8/18,14999.99
1/9/18,14403.51
1/10/18,14890.02
1/11/18,13243.83
1/12/18,13781.41
1/13/18,14197.78
1/14/18,13647.99
1/15/18,13607.04
1/16/18,11386.34
1/17/18,11191.35
1/18/18,11247.57
1/19/18,11552
1/20/18,12775.99
1/21/18,11558.87
1/22/18,10808.99
1/23/18,10851.82
1/24/18,11400.96
1/25/18,11155.54
1/26/18,11092.95
1/27/18,11446.54
1/28/18,11685.58
1/29/18,11162.62
1/30/18,9971
1/31/18,10149
2/1/18,8998.99
2/2/18,8838.83
2/3/18,9225.86
2/4/18,8191
2/5/18,6874.27
2/6/18,7737.37
2/7/18,7588.01
2/8/18,8259.76
2/9/18,8693.98
2/10/18,8560
2/11/18,8067
2/12/18,8899
2/13/18,8522.99
2/14/18,9490.98
2/15/18,10018
2/16/18,10196
2/17/18,11101
2/18/18,10421.06
2/19/18,11173
2/20/18,11233.41
2/21/18,10449.4
2/22/18,9843.34
2/23/18,10166.1
2/24/18,9689.99
2/25/18,9590.04
2/26/18,10324.7
2/27/18,10566.3
2/28/18,10314.9
3/1/18,10903.13
3/2/18,11029.99
3/3/18,11445
3/4/18,11463.27
3/5/18,11419.24
3/6/18,10723.76
3/7/18,9913.03
3/8/18,9285.32
3/9/18,9230
3/10/18,8791.47
3/11/18,9535.04
3/12/18,9120.75
3/13/18,9142.32
3/14/18,8196.69
3/15/18,8265.05
3/16/18,8258.54
3/17/18,7860.83
3/18/18,8188.24
3/19/18,8596.93
3/20/18,8904.02
3/21/18,8893.79
3/22/18,8704.67
3/23/18,8920.79
3/24/18,8547
3/25/18,8453.9
3/26/18,8149.66
3/27/18,7791.7
3/28/18,7932.41
3/29/18,7088.38
3/30/18,6850
3/31/18,6928.62
4/1/18,6813.52
4/2/18,7052.76
4/3/18,7416.27
4/4/18,6799.95
4/5/18,6771.69
4/6/18,6618.33
4/7/18,6904.9
4/8/18,7027.26
4/9/18,6780.1
4/10/18,6835.67
4/11/18,6940.94
4/12/18,7923.78
4/13/18,7896.92
4/14/18,8000.41
4/15/18,8354.22
4/16/18,8048.15
4/17/18,7890.87
4/18/18,8172.84
4/19/18,8271.31
4/20/18,8861
4/21/18,8920.71
4/22/18,8789.96
4/23/18,8946.95
4/24/18,9648
4/25/18,8864.99
4/26/18,9274.48
4/27/18,8921.43
4/28/18,9345.11
4/29/18,9393.99
4/30/18,9242.17
5/1/18,9066.9
5/2/18,9222
5/3/18,9732.43
5/4/18,9696.57
5/5/18,9823.28
5/6/18,9623.54
5/7/18,9359.52
5/8/18,9167.69
5/9/18,9308.49
5/10/18,9020.99
5/11/18,8411.42
5/12/18,8481.6
5/13/18,8696.58
5/14/18,8674.36
5/15/18,8474.99
5/16/18,8346.59
5/17/18,8067.03
5/18/18,8248.87
5/19/18,8231.2
5/20/18,8518.48
5/21/18,8391.76
5/22/18,7984.08
5/23/18,7502.89
5/24/18,7586.88
5/25/18,7471.18
5/26/18,7335.99
5/27/18,7347.39
5/28/18,7112.5
5/29/18,7469.45
5/30/18,7375.73
5/31/18,7492.28
6/1/18,7511.6
6/2/18,7642
6/3/18,7703.67
6/4/18,7488.26
6/5/18,7617.98
6/6/18,7658.57
6/7/18,7689.28
6/8/18,7618.11
6/9/18,7492.7
6/10/18,6781.17
6/11/18,6880.61
6/12/18,6557.67
6/13/18,6307.4
6/14/18,6646.1
6/15/18,6390.6
6/16/18,6487.92
6/17/18,6453.41
6/18/18,6707.5
6/19/18,6736.52
6/20/18,6756.58
6/21/18,6718.33
6/22/18,6050.45
6/23/18,6177.38
6/24/18,6153.4
6/25/18,6253.61
6/26/18,6068
6/27/18,6135.64
6/28/18,5848.33
6/29/18,6204.24
6/30/18,6385.71
7/1/18,6349.99
7/2/18,6612.98
7/3/18,6507.99
7/4/18,6584.25
7/5/18,6533.69
7/6/18,6596.53
7/7/18,6759.99
7/8/18,6706.6
7/9/18,6666.75
7/10/18,6299.46
7/11/18,6380
7/12/18,6243.88
7/13/18,6215.59
7/14/18,6243.98
7/15/18,6349.3
7/16/18,6721.04
7/17/18,7310.71
7/18/18,7374.88
7/19/18,7471.42
7/20/18,7330.84
7/21/18,7409.92
7/22/18,7396.6
7/23/18,7719.62
7/24/18,8403.83
7/25/18,8174.06
7/26/18,7926
7/27/18,8183.05
7/28/18,8237.74
7/29/18,8216.74
7/30/18,8160.21
7/31/18,7725.43
8/1/18,7602.01
8/2/18,7536.37
8/3/18,7416.98
8/4/18,7009.99
8/5/18,7032.61
8/6/18,6936.11
8/7/18,6717.68
8/8/18,6283.59
8/9/18,6543.76
8/10/18,6139.99
8/11/18,6239.98
8/12/18,6310.82
8/13/18,6252.63
8/14/18,6193.62
8/15/18,6272.3
8/16/18,6313.51
8/17/18,6580.15
8/18/18,6399.28
8/19/18,6481.99
8/20/18,6260.82
8/21/18,6479.27
8/22/18,6355.76
8/23/18,6525.01
8/24/18,6692.94
8/25/18,6732.4
8/26/18,6700.46
8/27/18,6904.51
8/28/18,7080.94
8/29/18,7032.96
8/30/18,6984.01
8/31/18,7017.35
9/1/18,7185.01
9/2/18,7290.31
9/3/18,7258.99
9/4/18,7361
9/5/18,6679.3
9/6/18,6493.09
9/7/18,6400
9/8/18,6178.31
9/9/18,6236.04
9/10/18,6301.99
9/11/18,6279.99
9/12/18,6322.45
9/13/18,6485.7
9/14/18,6476.51
9/15/18,6520.15
9/16/18,6499.98
9/17/18,6254.52
9/18/18,6332.34
9/19/18,6388.4
9/20/18,6492.98
9/21/18,6749.45
9/22/18,6710.01
9/23/18,6702.22
9/24/18,6581.52
9/25/18,6428.99
9/26/18,6461.51
9/27/18,6681.62
9/28/18,6610.76
9/29/18,6579.38
9/30/18,6597.81
10/1/18,6571.2
10/2/18,6500
10/3/18,6456.77
10/4/18,6547.56
10/5/18,6582.12
10/6/18,6544.08
10/7/18,6577.63
10/8/18,6604.75
10/9/18,6588.8
10/10/18,6517.55
10/11/18,6152.76
10/12/18,6185.15
10/13/18,6199.69
10/14/18,6183
10/15/18,6441.74
10/16/18,6461.2
10/17/18,6437.29
10/18/18,6396.18
10/19/18,6383.46
10/20/18,6412.86
10/21/18,6413.38
10/22/18,6406.06
10/23/18,6393.41
10/24/18,6411.96
10/25/18,6393.53
10/26/18,6406.1
10/27/18,6407.66
10/28/18,6405.57
10/29/18,6266.52
10/30/18,6269.46
10/31/18,6303.27
11/1/18,6340.99
11/2/18,6350.43
11/3/18,6335
11/4/18,6421.76
11/5/18,6403.2
11/6/18,6447.5
11/7/18,6501
11/8/18,6405.49
11/9/18,6325
11/10/18,6349.32
11/11/18,6357.54
11/12/18,6318
11/13/18,6260.91
11/14/18,5595.91
11/15/18,5585
11/16/18,5508.71
11/17/18,5503.36
11/18/18,5559.26
11/19/18,4735.44
11/20/18,4352
11/21/18,4538.01
11/22/18,4275.23
11/23/18,4288.26
11/24/18,3785.65
11/25/18,3938.89
11/26/18,3727.34
11/27/18,3771.01
11/28/18,4220.16
11/29/18,4249.8
11/30/18,3971.06
12/1/18,4140.39
12/2/18,4102.05
12/3/18,3834.34
12/4/18,3903.52
12/5/18,3696.69
12/6/18,3437.26
12/7/18,3380.68
12/8/18,3398.8
12/9/18,3529.75
12/10/18,3408
12/11/18,3353.42
12/12/18,3430.18
12/13/18,3262.73
12/14/18,3195.75
12/15/18,3179.54
12/16/18,3193.78
12/17/18,3496.73
12/18/18,3667.16
12/19/18,3684.5
12/20/18,4073.77
12/21/18,3841.08
12/22/18,3980.9
12/23/18,3943.83
12/24/18,4036
12/25/18,3779.99
12/26/18,3810.01
12/27/18,3591.69
12/28/18,3884.97
12/29/18,3725.48
12/30/18,3835.79
12/31/18,3693.3
1/1/19,3823.44
1/2/19,3885.87
1/3/19,3787.81
1/4/19,3817.71
1/5/19,3791.84
1/6/19,4040.71
1/7/19,4005.45
1/8/19,3994.9
1/9/19,4002.13
1/10/19,3627.51
1/11/19,3632.02
1/12/19,3617.13
1/13/19,3515.95
1/14/19,3664.28
1/15/19,3576.93
1/16/19,3605.91
1/17/19,3638.01
1/18/19,3609.21
1/19/19,3681
1/20/19,3536.72
1/21/19,3531.51
1/22/19,3576.81
1/23/19,3552.32
1/24/19,3570.73
1/25/19,3560
1/26/19,3555.56
1/27/19,3533.23
1/28/19,3429.5
1/29/19,3390.5
1/30/19,3437.35
1/31/19,3413.11
2/1/19,3434.83
2/2/19,3462.82
2/3/19,3414.82
2/4/19,3410.87
2/5/19,3431.39
2/6/19,3364.62
2/7/19,3359.33
2/8/19,3622.94
2/9/19,3622.62
2/10/19,3650.37
2/11/19,3588.7
2/12/19,3585.94
2/13/19,3574.93
2/14/19,3560.46
2/15/19,3566.29
2/16/19,3579.92
2/17/19,3625.6
2/18/19,3869.8
2/19/19,3888.46
2/20/19,3936.53
2/21/19,3900.4
2/22/19,3939.82
2/23/19,4113.53
2/24/19,3730.68
2/25/19,3820.71
2/26/19,3795.06
2/27/19,3798.47
2/28/19,3791.36
3/1/19,3807.05
3/2/19,3810.46
3/3/19,3789.52
3/4/19,3698.66
3/5/19,3844.07
3/6/19,3851.55
3/7/19,3856.64
3/8/19,3844.64
3/9/19,3916.43
3/10/19,3897.92
3/11/19,3849.25
3/12/19,3859.74
3/13/19,3848.48
3/14/19,3854.77
3/15/19,3901.21
3/16/19,3990
3/17/19,3965.5
3/18/19,3969.59
3/19/19,3998.13
3/20/19,4031.59
3/21/19,3974.21
3/22/19,3982.07
3/23/19,3982.52
3/24/19,3969.99
3/25/19,3910.51
3/26/19,3922.58
3/27/19,4025.5
3/28/19,4012.23
3/29/19,4090
3/30/19,4094.92
3/31/19,4096.08
4/1/19,4136.32
4/2/19,4899.63
4/3/19,4978.23
4/4/19,4907.94
4/5/19,5039.73
4/6/19,5041.39
4/7/19,5190.85
4/8/19,5287.88
4/9/19,5192.6
4/10/19,5323.47
4/11/19,5040.2
4/12/19,5076.35
4/13/19,5063.63
4/14/19,5162.72
4/15/19,5027.31
4/16/19,5202.43
4/17/19,5233.72
4/18/19,5281.58
4/19/19,5289.91
4/20/19,5318.89
4/21/19,5295.65
4/22/19,5386.8
4/23/19,5531.32
4/24/19,5440.95
4/25/19,5132.55
4/26/19,5155.19
4/27/19,5168.91
4/28/19,5160.98
4/29/19,5149.11
4/30/19,5269
5/1/19,5318.42
5/2/19,5385
5/3/19,5658.22
5/4/19,5764.65
5/5/19,5709.32
5/6/19,5685.46
5/7/19,5751.54
5/8/19,5940.89
5/9/19,6156.7
5/10/19,6342.84
5/11/19,7217.47
5/12/19,6974.35
5/13/19,7810.05
5/14/19,7986
5/15/19,8208.69
5/16/19,7880
5/17/19,7351.71
5/18/19,7260.12
5/19/19,8200
5/20/19,8005.64
5/21/19,7955.16
5/22/19,7624.95
5/23/19,7880.22
5/24/19,7999.02
5/25/19,8064.64
5/26/19,8733.26
5/27/19,8770.73
5/28/19,8717.96
5/29/19,8663.41
5/30/19,8277.76
5/31/19,8547.2
6/1/19,8556.27
6/2/19,8734.49
6/3/19,8103.64
6/4/19,7665.53
6/5/19,7785.94
6/6/19,7806.07
6/7/19,8001.25
6/8/19,7932.27
6/9/19,7632.99
6/10/19,8021.1
6/11/19,7919.1
6/12/19,8176.27
6/13/19,8238
6/14/19,8697.54
6/15/19,8857.19
6/16/19,8974.19
6/17/19,9333.48
6/18/19,9078.84
6/19/19,9278.27
6/20/19,9534.99
6/21/19,10222.12
6/22/19,10661.3
6/23/19,10831.95
6/24/19,11029.63
6/25/19,11751.01
6/26/19,12920.54
6/27/19,11153.74
6/28/19,12354.43
6/29/19,11858.62
6/30/19,10760.1
7/1/19,10577.43
7/2/19,10828.9
7/3/19,11967.43
7/4/19,11146.34
7/5/19,10997.84
7/6/19,11240
7/7/19,11469.96
7/8/19,12286.14
7/9/19,12567.23
7/10/19,12098.95
7/11/19,11349.24
7/12/19,11808.91
7/13/19,11378.79
7/14/19,10191.87
7/15/19,10850
7/16/19,9412.81
7/17/19,9699.35
7/18/19,10648.6
7/19/19,10535.43
7/20/19,10750.11
7/21/19,10600.24
7/22/19,10328.83
7/23/19,9847.02
7/24/19,9763.67
7/25/19,9883.96
7/26/19,9846.94
7/27/19,9481.37
7/28/19,9533.19
7/29/19,9495.39
7/30/19,9593.62
7/31/19,10085.34
8/1/19,10407.71
8/2/19,10529.51
8/3/19,10821.52
8/4/19,10986.96
8/5/19,11800
8/6/19,11470
8/7/19,11971.57
8/8/19,11983.43
8/9/19,11859.32
8/10/19,11273.2
8/11/19,11528.73
8/12/19,11385.11
8/13/19,10862.28
8/14/19,10022.99
8/15/19,10301.44
8/16/19,10354.34
8/17/19,10210.89
8/18/19,10318.99
8/19/19,10927.3
8/20/19,10772.22
8/21/19,10134.75
8/22/19,10112.01
8/23/19,10401.6
8/24/19,10149.7
8/25/19,10136.75
8/26/19,10360.97
8/27/19,10167.29
8/28/19,9711.78
8/29/19,9490
8/30/19,9579.75
8/31/19,9594.15
9/1/19,9767.53
9/2/19,10384.48
9/3/19,10617.61
9/4/19,10586.26
9/5/19,10573.66
9/6/19,10311.09
9/7/19,10484.39
9/8/19,10400.18
9/9/19,10307.45
9/10/19,10096
9/11/19,10154.46
9/12/19,10420.34
9/13/19,10368.65
9/14/19,10355.37
9/15/19,10305.74
9/16/19,10269.98
9/17/19,10195.73
9/18/19,10152.09
9/19/19,10271.53
9/20/19,10169.02
9/21/19,9985.28
9/22/19,10020.58
9/23/19,9682.19
9/24/19,8536.82
9/25/19,8432.16
9/26/19,8055.03
9/27/19,8187.72
9/28/19,8218.07
9/29/19,8047.6
9/30/19,8298.45
10/1/19,8319.01
10/2/19,8373.42
10/3/19,8239.92
10/4/19,8152.07
10/5/19,8145.17
10/6/19,7854.12
10/7/19,8205.53
10/8/19,8178.54
10/9/19,8586.34
10/10/19,8582.11
10/11/19,8265.55
10/12/19,8303.43
10/13/19,8282.96
10/14/19,8362.99
10/15/19,8155.13
10/16/19,7995.89
10/17/19,8073.32
10/18/19,7955.08
10/19/19,7960.49
10/20/19,8235.74
10/21/19,8213.65
10/22/19,8025.9
10/23/19,7470.77
10/24/19,7435
10/25/19,8662.66
10/26/19,9252.75
10/27/19,9557.08
10/28/19,9216.44
10/29/19,9426.94
10/30/19,9159.94
10/31/19,9150.07
11/1/19,9250.45
11/2/19,9304.75
11/3/19,9207
11/4/19,9410.76
11/5/19,9320.14
11/6/19,9344.78
11/7/19,9199.36
11/8/19,8767.37
11/9/19,8812.21
11/10/19,9024.49
11/11/19,8720.36
11/12/19,8813.91
11/13/19,8755.24
11/14/19,8636.9
11/15/19,8463.49
11/16/19,8484.63
11/17/19,8499.31
11/18/19,8170.65
11/19/19,8121.63
11/20/19,8088.44
11/21/19,7611.51
11/22/19,7285.85
11/23/19,7320.39
11/24/19,6908.36
11/25/19,7122.14
11/26/19,7159.22
11/27/19,7527.84
11/28/19,7436.72
11/29/19,7753.69
11/30/19,7550.67
12/1/19,7412.66
12/2/19,7309.64
12/3/19,7300.43
12/4/19,7197.78
12/5/19,7390.42
12/6/19,7541.79
12/7/19,7502.65
12/8/19,7524.26
12/9/19,7340.52
12/10/19,7216.07
12/11/19,7207.42
12/12/19,7188.42
12/13/19,7257.47
12/14/19,7059.03
12/15/19,7115.08
12/16/19,6882.19
12/17/19,6612.3
12/18/19,7286.91
12/19/19,7149.57
12/20/19,7194.11
12/21/19,7147.4
12/22/19,7509.7
12/23/19,7316.17
12/24/19,7251.52
12/25/19,7195.79
12/26/19,7188.3
12/27/19,7246
12/28/19,7296.24
12/29/19,7385.54
12/30/19,7220.24
12/31/19,7168.36
1/1/20,7178.68
1/2/20,6950.56
1/3/20,7338.91
1/4/20,7344.48
1/5/20,7356.7
1/6/20,7762.74
1/7/20,8159.01
1/8/20,8044.44
1/9/20,7806.78
1/10/20,8200
1/11/20,8016.22
1/12/20,8180.76
1/13/20,8105.01
1/14/20,8813.04
1/15/20,8809.17
1/16/20,8710.15
1/17/20,8892.63
1/18/20,8908.53
1/19/20,8696.6
1/20/20,8625.17
1/21/20,8717.89
1/22/20,8655.93
1/23/20,8378.44
1/24/20,8422.13
1/25/20,8329.5
1/26/20,8590.48
1/27/20,8894.54
1/28/20,9400
1/29/20,9289.18
1/30/20,9500
1/31/20,9327.85
2/1/20,9377.17
2/2/20,9329.39
2/3/20,9288.09
2/4/20,9159.37
2/5/20,9618.42
2/6/20,9754.63
2/7/20,9803.42
2/8/20,9902
2/9/20,10173.97
2/10/20,9850.01
2/11/20,10268.98
2/12/20,10348.78
2/13/20,10228.67
2/14/20,10364.04
2/15/20,9899.78
2/16/20,9912.89
2/17/20,9697.15
2/18/20,10185.17
2/19/20,9595.72
2/20/20,9612.76
2/21/20,9696.13
2/22/20,9668.13
2/23/20,9965.21
2/24/20,9652.58
2/25/20,9305.4
2/26/20,8779.36
2/27/20,8816.5
2/28/20,8703.84
2/29/20,8527.74
3/1/20,8528.95
3/2/20,8908.26
3/3/20,8755.45
3/4/20,8753.28
3/5/20,9066.65
3/6/20,9153.79
3/7/20,8893.93
3/8/20,8033.7
3/9/20,7936.25
3/10/20,7885.92
3/11/20,7934.57
3/12/20,4841.67
3/13/20,5622.74
3/14/20,5169.37
3/15/20,5343.64
3/16/20,5033.42
3/17/20,5324.99
3/18/20,5406.92
3/19/20,6181.18
3/20/20,6210.14
3/21/20,6187.78
3/22/20,5813.15
3/23/20,6493.51
3/24/20,6768.64
3/25/20,6692.22
3/26/20,6760.72
3/27/20,6376.03
3/28/20,6253.08
3/29/20,5870.9
3/30/20,6407.77
3/31/20,6421.14
4/1/20,6652.07
4/2/20,6801.99
4/3/20,6742.57
4/4/20,6879.61
4/5/20,6775.2
4/6/20,7352.43
4/7/20,7202.73
4/8/20,7367.36
4/9/20,7293.93
4/10/20,6877.03
4/11/20,6883.18
4/12/20,6908.24
4/13/20,6864.22
4/14/20,6879.75
4/15/20,6619
4/16/20,7111.67
4/17/20,7024.19
4/18/20,7262.26
4/19/20,7126.4
4/20/20,6841
4/21/20,6854.98
4/22/20,7137.79
4/23/20,7484.58
4/24/20,7505.53
4/25/20,7547.56
4/26/20,7701.73
4/27/20,7786.41
4/28/20,7767.79
4/29/20,8790.32
4/30/20,8627.32
5/1/20,8832.44
5/2/20,8983.79
5/3/20,8915.98
5/4/20,8882.87
5/5/20,9034.85
5/6/20,9154.32
5/7/20,10000
5/8/20,9801.35
5/9/20,9546.56
5/10/20,8731.17
5/11/20,8571.98
5/12/20,8825.46
5/13/20,9315.5
5/14/20,9793.5
5/15/20,9306.21
5/16/20,9389.07
5/17/20,9665.7
5/18/20,9721.91
5/19/20,9787.65
5/20/20,9516.51
5/21/20,9062.47
5/22/20,9171.96
5/23/20,9183.46
5/24/20,8718.77
5/25/20,8903.56
5/26/20,8840.91
5/27/20,9210
5/28/20,9577.38
5/29/20,9421.04
5/30/20,9705.1
5/31/20,9446.19
6/1/20,10203.64
6/2/20,9525.73
6/3/20,9668.99
6/4/20,9791.92
6/5/20,9619.99
6/6/20,9669.85
6/7/20,9750.04
6/8/20,9783
6/9/20,9776.84
6/10/20,9894.32
6/11/20,9264.26
6/12/20,9463.07
6/13/20,9473.46
6/14/20,9329.99
6/15/20,9435.15
6/16/20,9530.3
6/17/20,9461.29
6/18/20,9374.78
6/19/20,9304.32
6/20/20,9355.46
6/21/20,9283.03
6/22/20,9683.12
6/23/20,9622.81
6/24/20,9286.06
6/25/20,9239.48
6/26/20,9158.26
6/27/20,9009.3
6/28/20,9118.01
6/29/20,9188.88
6/30/20,9132.96
7/1/20,9233.38
7/2/20,9092.92
7/3/20,9063.08
7/4/20,9138.52
7/5/20,9076.82
7/6/20,9348.22
7/7/20,9257.16
7/8/20,9437.16
7/9/20,9234.9
7/10/20,9283.53
7/11/20,9238.3
7/12/20,9306.17
7/13/20,9233.1
7/14/20,9251.59
7/15/20,9190.07
7/16/20,9132.87
7/17/20,9156.5
7/18/20,9177.43
7/19/20,9211.99
7/20/20,9162.43
7/21/20,9391.25
7/22/20,9539.51
7/23/20,9617.2
7/24/20,9547.91
7/25/20,9710.98
7/26/20,9944.65
7/27/20,11046.19
7/28/20,10939.27
7/29/20,11111.17
7/30/20,11112.12
7/31/20,11356.74
8/1/20,11817.49
8/2/20,11071.66
8/3/20,11236.39
8/4/20,11192.42
8/5/20,11755.24
8/6/20,11770.08
8/7/20,11600.85
8/8/20,11776.9
8/9/20,11683.03
8/10/20,11895.12
8/11/20,11392.64
8/12/20,11565.35
8/13/20,11793.26
8/14/20,11779.77
8/15/20,11852.2
8/16/20,11914.02
8/17/20,12298.38
8/18/20,11958.1
8/19/20,11757.55
8/20/20,11859.37
8/21/20,11531.74
8/22/20,11667.7
8/23/20,11644.65
8/24/20,11761.8
8/25/20,11328.88
8/26/20,11469.3
8/27/20,11330
8/28/20,11536.58
8/29/20,11471.71
8/30/20,11708.97
8/31/20,11655
9/1/20,11923.96
9/2/20,11398.44
9/3/20,10160
9/4/20,10456.32
9/5/20,10167.19
9/6/20,10260.17
9/7/20,10377.14
9/8/20,10123.96
9/9/20,10232.8
9/10/20,10342.59
9/11/20,10393.04
9/12/20,10443.33
9/13/20,10334.78
9/14/20,10675.15
9/15/20,10783.83
9/16/20,10951.54
9/17/20,10940.47
9/18/20,10931.2
9/19/20,11077.22
9/20/20,10923.5
9/21/20,10411.29
9/22/20,10534.31
9/23/20,10233.42
9/24/20,10744.02
9/25/20,10689.81
9/26/20,10729.09
9/27/20,10780.66
9/28/20,10689.48
9/29/20,10836.42
9/30/20,10778.22
10/1/20,10622.71
10/2/20,10578.54
10/3/20,10553.66
10/4/20,10669.63
10/5/20,10795
10/6/20,10606.33
10/7/20,10669.14
10/8/20,10925.2
10/9/20,11052
10/10/20,11301.2
10/11/20,11372.93
10/12/20,11535.98
10/13/20,11427.98
10/14/20,11428.84
10/15/20,11511.11
10/16/20,11321.86
10/17/20,11365.8
10/18/20,11519.97
10/19/20,11764.14
10/20/20,11921.11
10/21/20,12802.67
10/22/20,12983.26
10/23/20,12941.59
10/24/20,13122.73
10/25/20,13039.09
10/26/20,13066.73
10/27/20,13647.9
10/28/20,13274.73
10/29/20,13468.44
10/30/20,13562.13
10/31/20,13816.08
11/1/20,13762
11/2/20,13563.72
11/3/20,14041.58
11/4/20,14160.59
11/5/20,15605.04
11/6/20,15598.09
11/7/20,14838.97
11/8/20,15489.15
11/9/20,15332.04
11/10/20,15313.65
11/11/20,15707.89
11/12/20,16300
11/13/20,16335.58
11/14/20,16086.34
11/15/20,15975.49
11/16/20,16724.62
11/17/20,17680.63
11/18/20,17785.95
11/19/20,17825.47
11/20/20,18687.65
11/21/20,18725
11/22/20,18435.2
11/23/20,18383.35
11/24/20,19160.85
11/25/20,18732.43
11/26/20,17160.09
11/27/20,17154.39
11/28/20,17730.77
11/29/20,18192.03
11/30/20,19700.19
12/1/20,18771.43
12/2/20,19226.55
12/3/20,19448.4
12/4/20,18673.76
12/5/20,19162.16
12/6/20,19380.58
12/7/20,19173.5
12/8/20,18316.43
12/9/20,18556.64
12/10/20,18250.3
12/11/20,18040.02
12/12/20,18815.63
12/13/20,19162.36
12/14/20,19274.33
12/15/20,19434.87
12/16/20,21365.7
12/17/20,22814.24
12/18/20,23136.14
12/19/20,23842.99
12/20/20,23470.85
12/21/20,22732.01
12/22/20,23835.1
12/23/20,23247.71
12/24/20,23726.28
12/25/20,24705.15
12/26/20,26466.28
12/27/20,26259.6
12/28/20,27037.91
12/29/20,27370
12/30/20,28881.3
12/31/20,28992.79
1/1/21,29402.64
1/2/21,32216.53
1/3/21,33097.83
1/4/21,32005.88
1/5/21,34039.05
1/6/21,36849.94
1/7/21,39510.49
1/8/21,40667.07
1/9/21,40239.06
1/10/21,38173.73
1/11/21,35455.58
1/12/21,34035.02
1/13/21,37393.49
1/14/21,39134.35
1/15/21,36756.57
1/16/21,36000
1/17/21,35819.25
1/18/21,36616.95
1/19/21,35917.62
1/20/21,35496.91
1/21/21,30818.18
1/22/21,32992.06
1/23/21,32117.49
1/24/21,32288.83
1/25/21,32261.22
1/26/21,32504.53
1/27/21,30424.62
1/28/21,33484.87
1/29/21,34249.64
1/30/21,34323
1/31/21,33141.38
2/1/21,33532.74
2/2/21,35522.16
2/3/21,37691.63
2/4/21,36996.32
2/5/21,38320
2/6/21,39282.1
2/7/21,38858.39
2/8/21,46416.45
2/9/21,46505.2
2/10/21,44854.63
2/11/21,47981.48
2/12/21,47395.84
2/13/21,47228.48
2/14/21,48662.5
2/15/21,47942.57
2/16/21,49166.53
2/17/21,52174.28
2/18/21,51579.54
2/19/21,55988.58
2/20/21,55936.04
2/21/21,57492.91
2/22/21,54173.65
2/23/21,48887.93
2/24/21,49754
2/25/21,47088.58
2/26/21,46314.83
2/27/21,46109.98
2/28/21,45240.96
3/1/21,49629.33
3/2/21,48516.35
3/3/21,50379.68
3/4/21,48360.5
3/5/21,48739.21
3/6/21,48904.63
3/7/21,50967.3
3/8/21,52427.8
3/9/21,54929.02
3/10/21,55852.29
3/11/21,57772.09
3/12/21,57271.04
3/13/21,61165.19
3/14/21,59016.39
3/15/21,55644.37
3/16/21,56908.34
3/17/21,58901.8
3/18/21,57648.05
3/19/21,58072
3/20/21,58138.39
3/21/21,57381.79
3/22/21,54070.92
3/23/21,54361.57
3/24/21,52287.52
3/25/21,51326.11
3/26/21,55081.37
3/27/21,55839.42
3/28/21,55790.92
3/29/21,57600.1
3/30/21,58760.59
3/31/21,58782.58
4/1/21,58728.53
4/2/21,59003.6
4/3/21,57064.42
4/4/21,58212.18
4/5/21,59125
4/6/21,58018.3
4/7/21,55932.83
4/8/21,58096.6
4/9/21,58109.56
4/10/21,59766.93
4/11/21,59979.26
4/12/21,59831.66
4/13/21,63564.48
4/14/21,64450.11
4/15/21,63239.19
4/16/21,61436.24
4/17/21,60032.29
4/18/21,56280.6
4/19/21,55694.55
4/20/21,56503.19
4/21/21,53806.24
4/22/21,51683.95
4/23/21,51176.65
4/24/21,50118.94
4/25/21,49128.43
4/26/21,54073.41
4/27/21,55091.39
4/28/21,54901.97
4/29/21,53593.97
4/30/21,57775.27
5/1/21,57851.91
5/2/21,56622.66
5/3/21,57222.37